accession	message	sample_id	sample_name	sample_title	bioproject_accession	organism	collection_date	env_broad_scale	env_local_scale	env_medium	geo_loc_name	host	lat_lon	air_temp_regm	altitude	ances_data	antibiotic_regm	biol_stat	biotic_regm	chem_administration	chem_mutagen	climate_environment	collection_method	cult_root_med	depth	elev	fertilizer_regm	fungicide_regm	gaseous_environment	genetic_mod	gravity	growth_facil	growth_habit	growth_hormone_regm	herbicide_regm	host_age	host_common_name	host_disease	host_dry_mass	host_genotype	host_height	host_length	host_life_stage	host_phenotype	host_subspecf_genlin	host_symbiont	host_taxid	host_tot_mass	host_wet_mass	humidity_regm	isolation_source	light_regm	mechanical_damage	mineral_nutr_regm	misc_param	neg_cont_type	non_mineral_nutr_regm	omics_observ_id	organism_count	oxy_stat_samp	perturbation	pesticide_regm	ph_regm	plant_growth_med	plant_product	plant_sex	plant_struc	pos_cont_type	radiation_regm	rainfall_regm	ref_biomaterial	rel_to_oxygen	root_cond	root_med_carbon	root_med_macronutr	root_med_micronutr	root_med_ph	root_med_regl	root_med_solid	root_med_suppl	salt_regm	samp_capt_status	samp_collect_device	samp_dis_stage	samp_mat_process	samp_salinity	samp_size	samp_store_dur	samp_store_loc	samp_store_temp	samp_vol_we_dna_ext	season_environment	size_frac	source_material_id	standing_water_regm	temp	tiss_cult_growth_med	water_temp_regm	watering_regm	description
SAMN43802915	Successfully loaded	APE01	APE01	APE01	PRJNA1162076	leaf metagenome	2019-06	tropical forest[ENVO:01001803]	tropical moist broadleaf forest biome[ENVO:01000228]	leaf[PO:0025034]|vascular leaf[PO:0009025]	Panama:Gamboa	Apeiba membranacea	9.118611 N 79.703182 W																			greenhouse[ENVO:03600087]											seedling development stage[PO:0007131|sapling[BTO:0001597]|plantlet[BTO:0001084]													DNA-free PCR mix								soil[ENVO:00001998]			leaf[PO:0025034]|vascular leaf[PO:0009025]																											APE01						
SAMN43802916	Successfully loaded	APE02	APE02	APE02	PRJNA1162076	leaf metagenome	2019-06	tropical forest[ENVO:01001803]	tropical moist broadleaf forest biome[ENVO:01000228]	leaf[PO:0025034]|vascular leaf[PO:0009025]	Panama:Gamboa	Apeiba membranacea	9.118611 N 79.703182 W																			greenhouse[ENVO:03600087]											seedling development stage[PO:0007131|sapling[BTO:0001597]|plantlet[BTO:0001084]													DNA-free PCR mix								soil[ENVO:00001998]			leaf[PO:0025034]|vascular leaf[PO:0009025]																											APE02						
SAMN43802917	Successfully loaded	APE03	APE03	APE03	PRJNA1162076	leaf metagenome	2019-06	tropical forest[ENVO:01001803]	tropical moist broadleaf forest biome[ENVO:01000228]	leaf[PO:0025034]|vascular leaf[PO:0009025]	Panama:Gamboa	Apeiba membranacea	9.118611 N 79.703182 W																			greenhouse[ENVO:03600087]											seedling development stage[PO:0007131|sapling[BTO:0001597]|plantlet[BTO:0001084]													DNA-free PCR mix								soil[ENVO:00001998]			leaf[PO:0025034]|vascular leaf[PO:0009025]																											APE03						
SAMN43802918	Successfully loaded	APE04	APE04	APE04	PRJNA1162076	leaf metagenome	2019-06	tropical forest[ENVO:01001803]	tropical moist broadleaf forest biome[ENVO:01000228]	leaf[PO:0025034]|vascular leaf[PO:0009025]	Panama:Gamboa	Apeiba membranacea	9.118611 N 79.703182 W																			greenhouse[ENVO:03600087]											seedling development stage[PO:0007131|sapling[BTO:0001597]|plantlet[BTO:0001084]													DNA-free PCR mix								soil[ENVO:00001998]			leaf[PO:0025034]|vascular leaf[PO:0009025]																											APE04						
SAMN43802919	Successfully loaded	APE05	APE05	APE05	PRJNA1162076	leaf metagenome	2019-06	tropical forest[ENVO:01001803]	tropical moist broadleaf forest biome[ENVO:01000228]	leaf[PO:0025034]|vascular leaf[PO:0009025]	Panama:Gamboa	Apeiba membranacea	9.118611 N 79.703182 W																			greenhouse[ENVO:03600087]											seedling development stage[PO:0007131|sapling[BTO:0001597]|plantlet[BTO:0001084]													DNA-free PCR mix								soil[ENVO:00001998]			leaf[PO:0025034]|vascular leaf[PO:0009025]																											APE05						
SAMN43802920	Successfully loaded	APE06	APE06	APE06	PRJNA1162076	leaf metagenome	2019-06	tropical forest[ENVO:01001803]	tropical moist broadleaf forest biome[ENVO:01000228]	leaf[PO:0025034]|vascular leaf[PO:0009025]	Panama:Gamboa	Apeiba membranacea	9.118611 N 79.703182 W																			greenhouse[ENVO:03600087]											seedling development stage[PO:0007131|sapling[BTO:0001597]|plantlet[BTO:0001084]													DNA-free PCR mix								soil[ENVO:00001998]			leaf[PO:0025034]|vascular leaf[PO:0009025]																											APE06						
SAMN43802921	Successfully loaded	APE07	APE07	APE07	PRJNA1162076	leaf metagenome	2019-06	tropical forest[ENVO:01001803]	tropical moist broadleaf forest biome[ENVO:01000228]	leaf[PO:0025034]|vascular leaf[PO:0009025]	Panama:Gamboa	Apeiba membranacea	9.118611 N 79.703182 W																			greenhouse[ENVO:03600087]											seedling development stage[PO:0007131|sapling[BTO:0001597]|plantlet[BTO:0001084]													DNA-free PCR mix								soil[ENVO:00001998]			leaf[PO:0025034]|vascular leaf[PO:0009025]																											APE07						
SAMN43802922	Successfully loaded	APE08	APE08	APE08	PRJNA1162076	leaf metagenome	2019-06	tropical forest[ENVO:01001803]	tropical moist broadleaf forest biome[ENVO:01000228]	leaf[PO:0025034]|vascular leaf[PO:0009025]	Panama:Gamboa	Apeiba membranacea	9.118611 N 79.703182 W																			greenhouse[ENVO:03600087]											seedling development stage[PO:0007131|sapling[BTO:0001597]|plantlet[BTO:0001084]													DNA-free PCR mix								soil[ENVO:00001998]			leaf[PO:0025034]|vascular leaf[PO:0009025]																											APE08						
SAMN43802923	Successfully loaded	APE09	APE09	APE09	PRJNA1162076	leaf metagenome	2019-06	tropical forest[ENVO:01001803]	tropical moist broadleaf forest biome[ENVO:01000228]	leaf[PO:0025034]|vascular leaf[PO:0009025]	Panama:Gamboa	Apeiba membranacea	9.118611 N 79.703182 W																			greenhouse[ENVO:03600087]											seedling development stage[PO:0007131|sapling[BTO:0001597]|plantlet[BTO:0001084]													DNA-free PCR mix								soil[ENVO:00001998]			leaf[PO:0025034]|vascular leaf[PO:0009025]																											APE09						
SAMN43802924	Successfully loaded	APE10	APE10	APE10	PRJNA1162076	leaf metagenome	2019-06	tropical forest[ENVO:01001803]	tropical moist broadleaf forest biome[ENVO:01000228]	leaf[PO:0025034]|vascular leaf[PO:0009025]	Panama:Gamboa	Apeiba membranacea	9.118611 N 79.703182 W																			greenhouse[ENVO:03600087]											seedling development stage[PO:0007131|sapling[BTO:0001597]|plantlet[BTO:0001084]													DNA-free PCR mix								soil[ENVO:00001998]			leaf[PO:0025034]|vascular leaf[PO:0009025]																											APE10						
SAMN43802925	Successfully loaded	APE20	APE20	APE20	PRJNA1162076	leaf metagenome	2019-06	tropical forest[ENVO:01001803]	tropical moist broadleaf forest biome[ENVO:01000228]	leaf[PO:0025034]|vascular leaf[PO:0009025]	Panama:Gamboa	Apeiba membranacea	9.118611 N 79.703182 W																			greenhouse[ENVO:03600087]											seedling development stage[PO:0007131|sapling[BTO:0001597]|plantlet[BTO:0001084]													DNA-free PCR mix								soil[ENVO:00001998]			leaf[PO:0025034]|vascular leaf[PO:0009025]																											APE20						
SAMN43802926	Successfully loaded	APE21	APE21	APE21	PRJNA1162076	leaf metagenome	2019-06	tropical forest[ENVO:01001803]	tropical moist broadleaf forest biome[ENVO:01000228]	leaf[PO:0025034]|vascular leaf[PO:0009025]	Panama:Gamboa	Apeiba membranacea	9.118611 N 79.703182 W																			greenhouse[ENVO:03600087]											seedling development stage[PO:0007131|sapling[BTO:0001597]|plantlet[BTO:0001084]													DNA-free PCR mix								soil[ENVO:00001998]			leaf[PO:0025034]|vascular leaf[PO:0009025]																											APE21						
SAMN43802927	Successfully loaded	APE22	APE22	APE22	PRJNA1162076	leaf metagenome	2019-06	tropical forest[ENVO:01001803]	tropical moist broadleaf forest biome[ENVO:01000228]	leaf[PO:0025034]|vascular leaf[PO:0009025]	Panama:Gamboa	Apeiba membranacea	9.118611 N 79.703182 W																			greenhouse[ENVO:03600087]											seedling development stage[PO:0007131|sapling[BTO:0001597]|plantlet[BTO:0001084]													DNA-free PCR mix								soil[ENVO:00001998]			leaf[PO:0025034]|vascular leaf[PO:0009025]																											APE22						
SAMN43802928	Successfully loaded	APE23	APE23	APE23	PRJNA1162076	leaf metagenome	2019-06	tropical forest[ENVO:01001803]	tropical moist broadleaf forest biome[ENVO:01000228]	leaf[PO:0025034]|vascular leaf[PO:0009025]	Panama:Gamboa	Apeiba membranacea	9.118611 N 79.703182 W																			greenhouse[ENVO:03600087]											seedling development stage[PO:0007131|sapling[BTO:0001597]|plantlet[BTO:0001084]													DNA-free PCR mix								soil[ENVO:00001998]			leaf[PO:0025034]|vascular leaf[PO:0009025]																											APE23						
SAMN43802929	Successfully loaded	APE24	APE24	APE24	PRJNA1162076	leaf metagenome	2019-06	tropical forest[ENVO:01001803]	tropical moist broadleaf forest biome[ENVO:01000228]	leaf[PO:0025034]|vascular leaf[PO:0009025]	Panama:Gamboa	Apeiba membranacea	9.118611 N 79.703182 W																			greenhouse[ENVO:03600087]											seedling development stage[PO:0007131|sapling[BTO:0001597]|plantlet[BTO:0001084]													DNA-free PCR mix								soil[ENVO:00001998]			leaf[PO:0025034]|vascular leaf[PO:0009025]																											APE24						
SAMN43802930	Successfully loaded	APE25	APE25	APE25	PRJNA1162076	leaf metagenome	2019-06	tropical forest[ENVO:01001803]	tropical moist broadleaf forest biome[ENVO:01000228]	leaf[PO:0025034]|vascular leaf[PO:0009025]	Panama:Gamboa	Apeiba membranacea	9.118611 N 79.703182 W																			greenhouse[ENVO:03600087]											seedling development stage[PO:0007131|sapling[BTO:0001597]|plantlet[BTO:0001084]													DNA-free PCR mix								soil[ENVO:00001998]			leaf[PO:0025034]|vascular leaf[PO:0009025]																											APE25						
SAMN43802931	Successfully loaded	APE26	APE26	APE26	PRJNA1162076	leaf metagenome	2019-06	tropical forest[ENVO:01001803]	tropical moist broadleaf forest biome[ENVO:01000228]	leaf[PO:0025034]|vascular leaf[PO:0009025]	Panama:Gamboa	Apeiba membranacea	9.118611 N 79.703182 W																			greenhouse[ENVO:03600087]											seedling development stage[PO:0007131|sapling[BTO:0001597]|plantlet[BTO:0001084]													DNA-free PCR mix								soil[ENVO:00001998]			leaf[PO:0025034]|vascular leaf[PO:0009025]																											APE26						
SAMN43802932	Successfully loaded	APE27	APE27	APE27	PRJNA1162076	leaf metagenome	2019-06	tropical forest[ENVO:01001803]	tropical moist broadleaf forest biome[ENVO:01000228]	leaf[PO:0025034]|vascular leaf[PO:0009025]	Panama:Gamboa	Apeiba membranacea	9.118611 N 79.703182 W																			greenhouse[ENVO:03600087]											seedling development stage[PO:0007131|sapling[BTO:0001597]|plantlet[BTO:0001084]													DNA-free PCR mix								soil[ENVO:00001998]			leaf[PO:0025034]|vascular leaf[PO:0009025]																											APE27						
SAMN43802933	Successfully loaded	APE28	APE28	APE28	PRJNA1162076	leaf metagenome	2019-06	tropical forest[ENVO:01001803]	tropical moist broadleaf forest biome[ENVO:01000228]	leaf[PO:0025034]|vascular leaf[PO:0009025]	Panama:Gamboa	Apeiba membranacea	9.118611 N 79.703182 W																			greenhouse[ENVO:03600087]											seedling development stage[PO:0007131|sapling[BTO:0001597]|plantlet[BTO:0001084]													DNA-free PCR mix								soil[ENVO:00001998]			leaf[PO:0025034]|vascular leaf[PO:0009025]																											APE28						
SAMN43802934	Successfully loaded	APE29	APE29	APE29	PRJNA1162076	leaf metagenome	2019-06	tropical forest[ENVO:01001803]	tropical moist broadleaf forest biome[ENVO:01000228]	leaf[PO:0025034]|vascular leaf[PO:0009025]	Panama:Gamboa	Apeiba membranacea	9.118611 N 79.703182 W																			greenhouse[ENVO:03600087]											seedling development stage[PO:0007131|sapling[BTO:0001597]|plantlet[BTO:0001084]													DNA-free PCR mix								soil[ENVO:00001998]			leaf[PO:0025034]|vascular leaf[PO:0009025]																											APE29						
SAMN43802935	Successfully loaded	CHRY01	CHRY01	CHRY01	PRJNA1162076	leaf metagenome	2019-06	tropical forest[ENVO:01001803]	tropical moist broadleaf forest biome[ENVO:01000228]	leaf[PO:0025034]|vascular leaf[PO:0009025]	Panama:Gamboa	Chrysophyllum cainito	9.118611 N 79.703182 W																			greenhouse[ENVO:03600087]											seedling development stage[PO:0007131|sapling[BTO:0001597]|plantlet[BTO:0001084]													DNA-free PCR mix								soil[ENVO:00001998]			leaf[PO:0025034]|vascular leaf[PO:0009025]																											CHRY01						
SAMN43802936	Successfully loaded	CHRY02	CHRY02	CHRY02	PRJNA1162076	leaf metagenome	2019-06	tropical forest[ENVO:01001803]	tropical moist broadleaf forest biome[ENVO:01000228]	leaf[PO:0025034]|vascular leaf[PO:0009025]	Panama:Gamboa	Chrysophyllum cainito	9.118611 N 79.703182 W																			greenhouse[ENVO:03600087]											seedling development stage[PO:0007131|sapling[BTO:0001597]|plantlet[BTO:0001084]													DNA-free PCR mix								soil[ENVO:00001998]			leaf[PO:0025034]|vascular leaf[PO:0009025]																											CHRY02						
SAMN43802937	Successfully loaded	CHRY03	CHRY03	CHRY03	PRJNA1162076	leaf metagenome	2019-06	tropical forest[ENVO:01001803]	tropical moist broadleaf forest biome[ENVO:01000228]	leaf[PO:0025034]|vascular leaf[PO:0009025]	Panama:Gamboa	Chrysophyllum cainito	9.118611 N 79.703182 W																			greenhouse[ENVO:03600087]											seedling development stage[PO:0007131|sapling[BTO:0001597]|plantlet[BTO:0001084]													DNA-free PCR mix								soil[ENVO:00001998]			leaf[PO:0025034]|vascular leaf[PO:0009025]																											CHRY03						
SAMN43802938	Successfully loaded	CHRY04	CHRY04	CHRY04	PRJNA1162076	leaf metagenome	2019-06	tropical forest[ENVO:01001803]	tropical moist broadleaf forest biome[ENVO:01000228]	leaf[PO:0025034]|vascular leaf[PO:0009025]	Panama:Gamboa	Chrysophyllum cainito	9.118611 N 79.703182 W																			greenhouse[ENVO:03600087]											seedling development stage[PO:0007131|sapling[BTO:0001597]|plantlet[BTO:0001084]													DNA-free PCR mix								soil[ENVO:00001998]			leaf[PO:0025034]|vascular leaf[PO:0009025]																											CHRY04						
SAMN43802939	Successfully loaded	CHRY05	CHRY05	CHRY05	PRJNA1162076	leaf metagenome	2019-06	tropical forest[ENVO:01001803]	tropical moist broadleaf forest biome[ENVO:01000228]	leaf[PO:0025034]|vascular leaf[PO:0009025]	Panama:Gamboa	Chrysophyllum cainito	9.118611 N 79.703182 W																			greenhouse[ENVO:03600087]											seedling development stage[PO:0007131|sapling[BTO:0001597]|plantlet[BTO:0001084]													DNA-free PCR mix								soil[ENVO:00001998]			leaf[PO:0025034]|vascular leaf[PO:0009025]																											CHRY05						
SAMN43802940	Successfully loaded	CHRY06	CHRY06	CHRY06	PRJNA1162076	leaf metagenome	2019-06	tropical forest[ENVO:01001803]	tropical moist broadleaf forest biome[ENVO:01000228]	leaf[PO:0025034]|vascular leaf[PO:0009025]	Panama:Gamboa	Chrysophyllum cainito	9.118611 N 79.703182 W																			greenhouse[ENVO:03600087]											seedling development stage[PO:0007131|sapling[BTO:0001597]|plantlet[BTO:0001084]													DNA-free PCR mix								soil[ENVO:00001998]			leaf[PO:0025034]|vascular leaf[PO:0009025]																											CHRY06						
SAMN43802941	Successfully loaded	CHRY07	CHRY07	CHRY07	PRJNA1162076	leaf metagenome	2019-06	tropical forest[ENVO:01001803]	tropical moist broadleaf forest biome[ENVO:01000228]	leaf[PO:0025034]|vascular leaf[PO:0009025]	Panama:Gamboa	Chrysophyllum cainito	9.118611 N 79.703182 W																			greenhouse[ENVO:03600087]											seedling development stage[PO:0007131|sapling[BTO:0001597]|plantlet[BTO:0001084]													DNA-free PCR mix								soil[ENVO:00001998]			leaf[PO:0025034]|vascular leaf[PO:0009025]																											CHRY07						
SAMN43802942	Successfully loaded	CHRY08	CHRY08	CHRY08	PRJNA1162076	leaf metagenome	2019-06	tropical forest[ENVO:01001803]	tropical moist broadleaf forest biome[ENVO:01000228]	leaf[PO:0025034]|vascular leaf[PO:0009025]	Panama:Gamboa	Chrysophyllum cainito	9.118611 N 79.703182 W																			greenhouse[ENVO:03600087]											seedling development stage[PO:0007131|sapling[BTO:0001597]|plantlet[BTO:0001084]													DNA-free PCR mix								soil[ENVO:00001998]			leaf[PO:0025034]|vascular leaf[PO:0009025]																											CHRY08						
SAMN43802943	Successfully loaded	CHRY09	CHRY09	CHRY09	PRJNA1162076	leaf metagenome	2019-06	tropical forest[ENVO:01001803]	tropical moist broadleaf forest biome[ENVO:01000228]	leaf[PO:0025034]|vascular leaf[PO:0009025]	Panama:Gamboa	Chrysophyllum cainito	9.118611 N 79.703182 W																			greenhouse[ENVO:03600087]											seedling development stage[PO:0007131|sapling[BTO:0001597]|plantlet[BTO:0001084]													DNA-free PCR mix								soil[ENVO:00001998]			leaf[PO:0025034]|vascular leaf[PO:0009025]																											CHRY09						
SAMN43802944	Successfully loaded	CHRY10	CHRY10	CHRY10	PRJNA1162076	leaf metagenome	2019-06	tropical forest[ENVO:01001803]	tropical moist broadleaf forest biome[ENVO:01000228]	leaf[PO:0025034]|vascular leaf[PO:0009025]	Panama:Gamboa	Chrysophyllum cainito	9.118611 N 79.703182 W																			greenhouse[ENVO:03600087]											seedling development stage[PO:0007131|sapling[BTO:0001597]|plantlet[BTO:0001084]													DNA-free PCR mix								soil[ENVO:00001998]			leaf[PO:0025034]|vascular leaf[PO:0009025]																											CHRY10						
SAMN43802945	Successfully loaded	CHRY11	CHRY11	CHRY11	PRJNA1162076	leaf metagenome	2019-06	tropical forest[ENVO:01001803]	tropical moist broadleaf forest biome[ENVO:01000228]	leaf[PO:0025034]|vascular leaf[PO:0009025]	Panama:Gamboa	Chrysophyllum cainito	9.118611 N 79.703182 W																			greenhouse[ENVO:03600087]											seedling development stage[PO:0007131|sapling[BTO:0001597]|plantlet[BTO:0001084]													DNA-free PCR mix								soil[ENVO:00001998]			leaf[PO:0025034]|vascular leaf[PO:0009025]																											CHRY11						
SAMN43802946	Successfully loaded	CHRY12	CHRY12	CHRY12	PRJNA1162076	leaf metagenome	2019-06	tropical forest[ENVO:01001803]	tropical moist broadleaf forest biome[ENVO:01000228]	leaf[PO:0025034]|vascular leaf[PO:0009025]	Panama:Gamboa	Chrysophyllum cainito	9.118611 N 79.703182 W																			greenhouse[ENVO:03600087]											seedling development stage[PO:0007131|sapling[BTO:0001597]|plantlet[BTO:0001084]													DNA-free PCR mix								soil[ENVO:00001998]			leaf[PO:0025034]|vascular leaf[PO:0009025]																											CHRY12						
SAMN43802947	Successfully loaded	CHRY20	CHRY20	CHRY20	PRJNA1162076	leaf metagenome	2019-06	tropical forest[ENVO:01001803]	tropical moist broadleaf forest biome[ENVO:01000228]	leaf[PO:0025034]|vascular leaf[PO:0009025]	Panama:Gamboa	Chrysophyllum cainito	9.118611 N 79.703182 W																			greenhouse[ENVO:03600087]											seedling development stage[PO:0007131|sapling[BTO:0001597]|plantlet[BTO:0001084]													DNA-free PCR mix								soil[ENVO:00001998]			leaf[PO:0025034]|vascular leaf[PO:0009025]																											CHRY20						
SAMN43802948	Successfully loaded	CHRY21	CHRY21	CHRY21	PRJNA1162076	leaf metagenome	2019-06	tropical forest[ENVO:01001803]	tropical moist broadleaf forest biome[ENVO:01000228]	leaf[PO:0025034]|vascular leaf[PO:0009025]	Panama:Gamboa	Chrysophyllum cainito	9.118611 N 79.703182 W																			greenhouse[ENVO:03600087]											seedling development stage[PO:0007131|sapling[BTO:0001597]|plantlet[BTO:0001084]													DNA-free PCR mix								soil[ENVO:00001998]			leaf[PO:0025034]|vascular leaf[PO:0009025]																											CHRY21						
SAMN43802949	Successfully loaded	CHRY22	CHRY22	CHRY22	PRJNA1162076	leaf metagenome	2019-06	tropical forest[ENVO:01001803]	tropical moist broadleaf forest biome[ENVO:01000228]	leaf[PO:0025034]|vascular leaf[PO:0009025]	Panama:Gamboa	Chrysophyllum cainito	9.118611 N 79.703182 W																			greenhouse[ENVO:03600087]											seedling development stage[PO:0007131|sapling[BTO:0001597]|plantlet[BTO:0001084]													DNA-free PCR mix								soil[ENVO:00001998]			leaf[PO:0025034]|vascular leaf[PO:0009025]																											CHRY22						
SAMN43802950	Successfully loaded	CHRY23	CHRY23	CHRY23	PRJNA1162076	leaf metagenome	2019-06	tropical forest[ENVO:01001803]	tropical moist broadleaf forest biome[ENVO:01000228]	leaf[PO:0025034]|vascular leaf[PO:0009025]	Panama:Gamboa	Chrysophyllum cainito	9.118611 N 79.703182 W																			greenhouse[ENVO:03600087]											seedling development stage[PO:0007131|sapling[BTO:0001597]|plantlet[BTO:0001084]													DNA-free PCR mix								soil[ENVO:00001998]			leaf[PO:0025034]|vascular leaf[PO:0009025]																											CHRY23						
SAMN43802951	Successfully loaded	CHRY24	CHRY24	CHRY24	PRJNA1162076	leaf metagenome	2019-06	tropical forest[ENVO:01001803]	tropical moist broadleaf forest biome[ENVO:01000228]	leaf[PO:0025034]|vascular leaf[PO:0009025]	Panama:Gamboa	Chrysophyllum cainito	9.118611 N 79.703182 W																			greenhouse[ENVO:03600087]											seedling development stage[PO:0007131|sapling[BTO:0001597]|plantlet[BTO:0001084]													DNA-free PCR mix								soil[ENVO:00001998]			leaf[PO:0025034]|vascular leaf[PO:0009025]																											CHRY24						
SAMN43802952	Successfully loaded	CHRY25	CHRY25	CHRY25	PRJNA1162076	leaf metagenome	2019-06	tropical forest[ENVO:01001803]	tropical moist broadleaf forest biome[ENVO:01000228]	leaf[PO:0025034]|vascular leaf[PO:0009025]	Panama:Gamboa	Chrysophyllum cainito	9.118611 N 79.703182 W																			greenhouse[ENVO:03600087]											seedling development stage[PO:0007131|sapling[BTO:0001597]|plantlet[BTO:0001084]													DNA-free PCR mix								soil[ENVO:00001998]			leaf[PO:0025034]|vascular leaf[PO:0009025]																											CHRY25						
SAMN43802953	Successfully loaded	CHRY26	CHRY26	CHRY26	PRJNA1162076	leaf metagenome	2019-06	tropical forest[ENVO:01001803]	tropical moist broadleaf forest biome[ENVO:01000228]	leaf[PO:0025034]|vascular leaf[PO:0009025]	Panama:Gamboa	Chrysophyllum cainito	9.118611 N 79.703182 W																			greenhouse[ENVO:03600087]											seedling development stage[PO:0007131|sapling[BTO:0001597]|plantlet[BTO:0001084]													DNA-free PCR mix								soil[ENVO:00001998]			leaf[PO:0025034]|vascular leaf[PO:0009025]																											CHRY26						
SAMN43802954	Successfully loaded	CHRY27	CHRY27	CHRY27	PRJNA1162076	leaf metagenome	2019-06	tropical forest[ENVO:01001803]	tropical moist broadleaf forest biome[ENVO:01000228]	leaf[PO:0025034]|vascular leaf[PO:0009025]	Panama:Gamboa	Chrysophyllum cainito	9.118611 N 79.703182 W																			greenhouse[ENVO:03600087]											seedling development stage[PO:0007131|sapling[BTO:0001597]|plantlet[BTO:0001084]													DNA-free PCR mix								soil[ENVO:00001998]			leaf[PO:0025034]|vascular leaf[PO:0009025]																											CHRY27						
SAMN43802955	Successfully loaded	CHRY28	CHRY28	CHRY28	PRJNA1162076	leaf metagenome	2019-06	tropical forest[ENVO:01001803]	tropical moist broadleaf forest biome[ENVO:01000228]	leaf[PO:0025034]|vascular leaf[PO:0009025]	Panama:Gamboa	Chrysophyllum cainito	9.118611 N 79.703182 W																			greenhouse[ENVO:03600087]											seedling development stage[PO:0007131|sapling[BTO:0001597]|plantlet[BTO:0001084]													DNA-free PCR mix								soil[ENVO:00001998]			leaf[PO:0025034]|vascular leaf[PO:0009025]																											CHRY28						
SAMN43802956	Successfully loaded	CHRY29	CHRY29	CHRY29	PRJNA1162076	leaf metagenome	2019-06	tropical forest[ENVO:01001803]	tropical moist broadleaf forest biome[ENVO:01000228]	leaf[PO:0025034]|vascular leaf[PO:0009025]	Panama:Gamboa	Chrysophyllum cainito	9.118611 N 79.703182 W																			greenhouse[ENVO:03600087]											seedling development stage[PO:0007131|sapling[BTO:0001597]|plantlet[BTO:0001084]													DNA-free PCR mix								soil[ENVO:00001998]			leaf[PO:0025034]|vascular leaf[PO:0009025]																											CHRY29						
SAMN43802957	Successfully loaded	COR01	COR01	COR01	PRJNA1162076	leaf metagenome	2019-06	tropical forest[ENVO:01001803]	tropical moist broadleaf forest biome[ENVO:01000228]	leaf[PO:0025034]|vascular leaf[PO:0009025]	Panama:Gamboa	Cordia alliodora	9.118611 N 79.703182 W																			greenhouse[ENVO:03600087]											seedling development stage[PO:0007131|sapling[BTO:0001597]|plantlet[BTO:0001084]													DNA-free PCR mix								soil[ENVO:00001998]			leaf[PO:0025034]|vascular leaf[PO:0009025]																											COR01						
SAMN43802958	Successfully loaded	COR02	COR02	COR02	PRJNA1162076	leaf metagenome	2019-06	tropical forest[ENVO:01001803]	tropical moist broadleaf forest biome[ENVO:01000228]	leaf[PO:0025034]|vascular leaf[PO:0009025]	Panama:Gamboa	Cordia alliodora	9.118611 N 79.703182 W																			greenhouse[ENVO:03600087]											seedling development stage[PO:0007131|sapling[BTO:0001597]|plantlet[BTO:0001084]													DNA-free PCR mix								soil[ENVO:00001998]			leaf[PO:0025034]|vascular leaf[PO:0009025]																											COR02						
SAMN43802959	Successfully loaded	COR03	COR03	COR03	PRJNA1162076	leaf metagenome	2019-06	tropical forest[ENVO:01001803]	tropical moist broadleaf forest biome[ENVO:01000228]	leaf[PO:0025034]|vascular leaf[PO:0009025]	Panama:Gamboa	Cordia alliodora	9.118611 N 79.703182 W																			greenhouse[ENVO:03600087]											seedling development stage[PO:0007131|sapling[BTO:0001597]|plantlet[BTO:0001084]													DNA-free PCR mix								soil[ENVO:00001998]			leaf[PO:0025034]|vascular leaf[PO:0009025]																											COR03						
SAMN43802960	Successfully loaded	COR04	COR04	COR04	PRJNA1162076	leaf metagenome	2019-06	tropical forest[ENVO:01001803]	tropical moist broadleaf forest biome[ENVO:01000228]	leaf[PO:0025034]|vascular leaf[PO:0009025]	Panama:Gamboa	Cordia alliodora	9.118611 N 79.703182 W																			greenhouse[ENVO:03600087]											seedling development stage[PO:0007131|sapling[BTO:0001597]|plantlet[BTO:0001084]													DNA-free PCR mix								soil[ENVO:00001998]			leaf[PO:0025034]|vascular leaf[PO:0009025]																											COR04						
SAMN43802961	Successfully loaded	COR05	COR05	COR05	PRJNA1162076	leaf metagenome	2019-06	tropical forest[ENVO:01001803]	tropical moist broadleaf forest biome[ENVO:01000228]	leaf[PO:0025034]|vascular leaf[PO:0009025]	Panama:Gamboa	Cordia alliodora	9.118611 N 79.703182 W																			greenhouse[ENVO:03600087]											seedling development stage[PO:0007131|sapling[BTO:0001597]|plantlet[BTO:0001084]													DNA-free PCR mix								soil[ENVO:00001998]			leaf[PO:0025034]|vascular leaf[PO:0009025]																											COR05						
SAMN43802962	Successfully loaded	COR06	COR06	COR06	PRJNA1162076	leaf metagenome	2019-06	tropical forest[ENVO:01001803]	tropical moist broadleaf forest biome[ENVO:01000228]	leaf[PO:0025034]|vascular leaf[PO:0009025]	Panama:Gamboa	Cordia alliodora	9.118611 N 79.703182 W																			greenhouse[ENVO:03600087]											seedling development stage[PO:0007131|sapling[BTO:0001597]|plantlet[BTO:0001084]													DNA-free PCR mix								soil[ENVO:00001998]			leaf[PO:0025034]|vascular leaf[PO:0009025]																											COR06						
SAMN43802963	Successfully loaded	COR07	COR07	COR07	PRJNA1162076	leaf metagenome	2019-06	tropical forest[ENVO:01001803]	tropical moist broadleaf forest biome[ENVO:01000228]	leaf[PO:0025034]|vascular leaf[PO:0009025]	Panama:Gamboa	Cordia alliodora	9.118611 N 79.703182 W																			greenhouse[ENVO:03600087]											seedling development stage[PO:0007131|sapling[BTO:0001597]|plantlet[BTO:0001084]													DNA-free PCR mix								soil[ENVO:00001998]			leaf[PO:0025034]|vascular leaf[PO:0009025]																											COR07						
SAMN43802964	Successfully loaded	COR08	COR08	COR08	PRJNA1162076	leaf metagenome	2019-06	tropical forest[ENVO:01001803]	tropical moist broadleaf forest biome[ENVO:01000228]	leaf[PO:0025034]|vascular leaf[PO:0009025]	Panama:Gamboa	Cordia alliodora	9.118611 N 79.703182 W																			greenhouse[ENVO:03600087]											seedling development stage[PO:0007131|sapling[BTO:0001597]|plantlet[BTO:0001084]													DNA-free PCR mix								soil[ENVO:00001998]			leaf[PO:0025034]|vascular leaf[PO:0009025]																											COR08						
SAMN43802965	Successfully loaded	COR09	COR09	COR09	PRJNA1162076	leaf metagenome	2019-06	tropical forest[ENVO:01001803]	tropical moist broadleaf forest biome[ENVO:01000228]	leaf[PO:0025034]|vascular leaf[PO:0009025]	Panama:Gamboa	Cordia alliodora	9.118611 N 79.703182 W																			greenhouse[ENVO:03600087]											seedling development stage[PO:0007131|sapling[BTO:0001597]|plantlet[BTO:0001084]													DNA-free PCR mix								soil[ENVO:00001998]			leaf[PO:0025034]|vascular leaf[PO:0009025]																											COR09						
SAMN43802966	Successfully loaded	COR10	COR10	COR10	PRJNA1162076	leaf metagenome	2019-06	tropical forest[ENVO:01001803]	tropical moist broadleaf forest biome[ENVO:01000228]	leaf[PO:0025034]|vascular leaf[PO:0009025]	Panama:Gamboa	Cordia alliodora	9.118611 N 79.703182 W																			greenhouse[ENVO:03600087]											seedling development stage[PO:0007131|sapling[BTO:0001597]|plantlet[BTO:0001084]													DNA-free PCR mix								soil[ENVO:00001998]			leaf[PO:0025034]|vascular leaf[PO:0009025]																											COR10						
SAMN43802967	Successfully loaded	COR20	COR20	COR20	PRJNA1162076	leaf metagenome	2019-06	tropical forest[ENVO:01001803]	tropical moist broadleaf forest biome[ENVO:01000228]	leaf[PO:0025034]|vascular leaf[PO:0009025]	Panama:Gamboa	Cordia alliodora	9.118611 N 79.703182 W																			greenhouse[ENVO:03600087]											seedling development stage[PO:0007131|sapling[BTO:0001597]|plantlet[BTO:0001084]													DNA-free PCR mix								soil[ENVO:00001998]			leaf[PO:0025034]|vascular leaf[PO:0009025]																											COR20						
SAMN43802968	Successfully loaded	COR21	COR21	COR21	PRJNA1162076	leaf metagenome	2019-06	tropical forest[ENVO:01001803]	tropical moist broadleaf forest biome[ENVO:01000228]	leaf[PO:0025034]|vascular leaf[PO:0009025]	Panama:Gamboa	Cordia alliodora	9.118611 N 79.703182 W																			greenhouse[ENVO:03600087]											seedling development stage[PO:0007131|sapling[BTO:0001597]|plantlet[BTO:0001084]													DNA-free PCR mix								soil[ENVO:00001998]			leaf[PO:0025034]|vascular leaf[PO:0009025]																											COR21						
SAMN43802969	Successfully loaded	COR22	COR22	COR22	PRJNA1162076	leaf metagenome	2019-06	tropical forest[ENVO:01001803]	tropical moist broadleaf forest biome[ENVO:01000228]	leaf[PO:0025034]|vascular leaf[PO:0009025]	Panama:Gamboa	Cordia alliodora	9.118611 N 79.703182 W																			greenhouse[ENVO:03600087]											seedling development stage[PO:0007131|sapling[BTO:0001597]|plantlet[BTO:0001084]													DNA-free PCR mix								soil[ENVO:00001998]			leaf[PO:0025034]|vascular leaf[PO:0009025]																											COR22						
SAMN43802970	Successfully loaded	COR23	COR23	COR23	PRJNA1162076	leaf metagenome	2019-06	tropical forest[ENVO:01001803]	tropical moist broadleaf forest biome[ENVO:01000228]	leaf[PO:0025034]|vascular leaf[PO:0009025]	Panama:Gamboa	Cordia alliodora	9.118611 N 79.703182 W																			greenhouse[ENVO:03600087]											seedling development stage[PO:0007131|sapling[BTO:0001597]|plantlet[BTO:0001084]													DNA-free PCR mix								soil[ENVO:00001998]			leaf[PO:0025034]|vascular leaf[PO:0009025]																											COR23						
SAMN43802971	Successfully loaded	COR24	COR24	COR24	PRJNA1162076	leaf metagenome	2019-06	tropical forest[ENVO:01001803]	tropical moist broadleaf forest biome[ENVO:01000228]	leaf[PO:0025034]|vascular leaf[PO:0009025]	Panama:Gamboa	Cordia alliodora	9.118611 N 79.703182 W																			greenhouse[ENVO:03600087]											seedling development stage[PO:0007131|sapling[BTO:0001597]|plantlet[BTO:0001084]													DNA-free PCR mix								soil[ENVO:00001998]			leaf[PO:0025034]|vascular leaf[PO:0009025]																											COR24						
SAMN43802972	Successfully loaded	COR25	COR25	COR25	PRJNA1162076	leaf metagenome	2019-06	tropical forest[ENVO:01001803]	tropical moist broadleaf forest biome[ENVO:01000228]	leaf[PO:0025034]|vascular leaf[PO:0009025]	Panama:Gamboa	Cordia alliodora	9.118611 N 79.703182 W																			greenhouse[ENVO:03600087]											seedling development stage[PO:0007131|sapling[BTO:0001597]|plantlet[BTO:0001084]													DNA-free PCR mix								soil[ENVO:00001998]			leaf[PO:0025034]|vascular leaf[PO:0009025]																											COR25						
SAMN43802973	Successfully loaded	COR26	COR26	COR26	PRJNA1162076	leaf metagenome	2019-06	tropical forest[ENVO:01001803]	tropical moist broadleaf forest biome[ENVO:01000228]	leaf[PO:0025034]|vascular leaf[PO:0009025]	Panama:Gamboa	Cordia alliodora	9.118611 N 79.703182 W																			greenhouse[ENVO:03600087]											seedling development stage[PO:0007131|sapling[BTO:0001597]|plantlet[BTO:0001084]													DNA-free PCR mix								soil[ENVO:00001998]			leaf[PO:0025034]|vascular leaf[PO:0009025]																											COR26						
SAMN43802974	Successfully loaded	COR27	COR27	COR27	PRJNA1162076	leaf metagenome	2019-06	tropical forest[ENVO:01001803]	tropical moist broadleaf forest biome[ENVO:01000228]	leaf[PO:0025034]|vascular leaf[PO:0009025]	Panama:Gamboa	Cordia alliodora	9.118611 N 79.703182 W																			greenhouse[ENVO:03600087]											seedling development stage[PO:0007131|sapling[BTO:0001597]|plantlet[BTO:0001084]													DNA-free PCR mix								soil[ENVO:00001998]			leaf[PO:0025034]|vascular leaf[PO:0009025]																											COR27						
SAMN43802975	Successfully loaded	COR28	COR28	COR28	PRJNA1162076	leaf metagenome	2019-06	tropical forest[ENVO:01001803]	tropical moist broadleaf forest biome[ENVO:01000228]	leaf[PO:0025034]|vascular leaf[PO:0009025]	Panama:Gamboa	Cordia alliodora	9.118611 N 79.703182 W																			greenhouse[ENVO:03600087]											seedling development stage[PO:0007131|sapling[BTO:0001597]|plantlet[BTO:0001084]													DNA-free PCR mix								soil[ENVO:00001998]			leaf[PO:0025034]|vascular leaf[PO:0009025]																											COR28						
SAMN43802976	Successfully loaded	COR29	COR29	COR29	PRJNA1162076	leaf metagenome	2019-06	tropical forest[ENVO:01001803]	tropical moist broadleaf forest biome[ENVO:01000228]	leaf[PO:0025034]|vascular leaf[PO:0009025]	Panama:Gamboa	Cordia alliodora	9.118611 N 79.703182 W																			greenhouse[ENVO:03600087]											seedling development stage[PO:0007131|sapling[BTO:0001597]|plantlet[BTO:0001084]													DNA-free PCR mix								soil[ENVO:00001998]			leaf[PO:0025034]|vascular leaf[PO:0009025]																											COR29						
SAMN43802977	Successfully loaded	DYP01	DYP01	DYP01	PRJNA1162076	leaf metagenome	2019-06	tropical forest[ENVO:01001803]	tropical moist broadleaf forest biome[ENVO:01000228]	leaf[PO:0025034]|vascular leaf[PO:0009025]	Panama:Gamboa	Dipteryx sp.	9.118611 N 79.703182 W																			greenhouse[ENVO:03600087]											seedling development stage[PO:0007131|sapling[BTO:0001597]|plantlet[BTO:0001084]													DNA-free PCR mix								soil[ENVO:00001998]			leaf[PO:0025034]|vascular leaf[PO:0009025]																											DYP01						
SAMN43802978	Successfully loaded	DYP02	DYP02	DYP02	PRJNA1162076	leaf metagenome	2019-06	tropical forest[ENVO:01001803]	tropical moist broadleaf forest biome[ENVO:01000228]	leaf[PO:0025034]|vascular leaf[PO:0009025]	Panama:Gamboa	Dipteryx sp.	9.118611 N 79.703182 W																			greenhouse[ENVO:03600087]											seedling development stage[PO:0007131|sapling[BTO:0001597]|plantlet[BTO:0001084]													DNA-free PCR mix								soil[ENVO:00001998]			leaf[PO:0025034]|vascular leaf[PO:0009025]																											DYP02						
SAMN43802979	Successfully loaded	DYP03	DYP03	DYP03	PRJNA1162076	leaf metagenome	2019-06	tropical forest[ENVO:01001803]	tropical moist broadleaf forest biome[ENVO:01000228]	leaf[PO:0025034]|vascular leaf[PO:0009025]	Panama:Gamboa	Dipteryx sp.	9.118611 N 79.703182 W																			greenhouse[ENVO:03600087]											seedling development stage[PO:0007131|sapling[BTO:0001597]|plantlet[BTO:0001084]													DNA-free PCR mix								soil[ENVO:00001998]			leaf[PO:0025034]|vascular leaf[PO:0009025]																											DYP03						
SAMN43802980	Successfully loaded	DYP04	DYP04	DYP04	PRJNA1162076	leaf metagenome	2019-06	tropical forest[ENVO:01001803]	tropical moist broadleaf forest biome[ENVO:01000228]	leaf[PO:0025034]|vascular leaf[PO:0009025]	Panama:Gamboa	Dipteryx sp.	9.118611 N 79.703182 W																			greenhouse[ENVO:03600087]											seedling development stage[PO:0007131|sapling[BTO:0001597]|plantlet[BTO:0001084]													DNA-free PCR mix								soil[ENVO:00001998]			leaf[PO:0025034]|vascular leaf[PO:0009025]																											DYP04						
SAMN43802981	Successfully loaded	DYP05	DYP05	DYP05	PRJNA1162076	leaf metagenome	2019-06	tropical forest[ENVO:01001803]	tropical moist broadleaf forest biome[ENVO:01000228]	leaf[PO:0025034]|vascular leaf[PO:0009025]	Panama:Gamboa	Dipteryx sp.	9.118611 N 79.703182 W																			greenhouse[ENVO:03600087]											seedling development stage[PO:0007131|sapling[BTO:0001597]|plantlet[BTO:0001084]													DNA-free PCR mix								soil[ENVO:00001998]			leaf[PO:0025034]|vascular leaf[PO:0009025]																											DYP05						
SAMN43802982	Successfully loaded	DYP06	DYP06	DYP06	PRJNA1162076	leaf metagenome	2019-06	tropical forest[ENVO:01001803]	tropical moist broadleaf forest biome[ENVO:01000228]	leaf[PO:0025034]|vascular leaf[PO:0009025]	Panama:Gamboa	Dipteryx sp.	9.118611 N 79.703182 W																			greenhouse[ENVO:03600087]											seedling development stage[PO:0007131|sapling[BTO:0001597]|plantlet[BTO:0001084]													DNA-free PCR mix								soil[ENVO:00001998]			leaf[PO:0025034]|vascular leaf[PO:0009025]																											DYP06						
SAMN43802983	Successfully loaded	DYP07	DYP07	DYP07	PRJNA1162076	leaf metagenome	2019-06	tropical forest[ENVO:01001803]	tropical moist broadleaf forest biome[ENVO:01000228]	leaf[PO:0025034]|vascular leaf[PO:0009025]	Panama:Gamboa	Dipteryx sp.	9.118611 N 79.703182 W																			greenhouse[ENVO:03600087]											seedling development stage[PO:0007131|sapling[BTO:0001597]|plantlet[BTO:0001084]													DNA-free PCR mix								soil[ENVO:00001998]			leaf[PO:0025034]|vascular leaf[PO:0009025]																											DYP07						
SAMN43802984	Successfully loaded	DYP08	DYP08	DYP08	PRJNA1162076	leaf metagenome	2019-06	tropical forest[ENVO:01001803]	tropical moist broadleaf forest biome[ENVO:01000228]	leaf[PO:0025034]|vascular leaf[PO:0009025]	Panama:Gamboa	Dipteryx sp.	9.118611 N 79.703182 W																			greenhouse[ENVO:03600087]											seedling development stage[PO:0007131|sapling[BTO:0001597]|plantlet[BTO:0001084]													DNA-free PCR mix								soil[ENVO:00001998]			leaf[PO:0025034]|vascular leaf[PO:0009025]																											DYP08						
SAMN43802985	Successfully loaded	DYP09	DYP09	DYP09	PRJNA1162076	leaf metagenome	2019-06	tropical forest[ENVO:01001803]	tropical moist broadleaf forest biome[ENVO:01000228]	leaf[PO:0025034]|vascular leaf[PO:0009025]	Panama:Gamboa	Dipteryx sp.	9.118611 N 79.703182 W																			greenhouse[ENVO:03600087]											seedling development stage[PO:0007131|sapling[BTO:0001597]|plantlet[BTO:0001084]													DNA-free PCR mix								soil[ENVO:00001998]			leaf[PO:0025034]|vascular leaf[PO:0009025]																											DYP09						
SAMN43802986	Successfully loaded	DYP10	DYP10	DYP10	PRJNA1162076	leaf metagenome	2019-06	tropical forest[ENVO:01001803]	tropical moist broadleaf forest biome[ENVO:01000228]	leaf[PO:0025034]|vascular leaf[PO:0009025]	Panama:Gamboa	Dipteryx sp.	9.118611 N 79.703182 W																			greenhouse[ENVO:03600087]											seedling development stage[PO:0007131|sapling[BTO:0001597]|plantlet[BTO:0001084]													DNA-free PCR mix								soil[ENVO:00001998]			leaf[PO:0025034]|vascular leaf[PO:0009025]																											DYP10						
SAMN43802987	Successfully loaded	DYP11	DYP11	DYP11	PRJNA1162076	leaf metagenome	2019-06	tropical forest[ENVO:01001803]	tropical moist broadleaf forest biome[ENVO:01000228]	leaf[PO:0025034]|vascular leaf[PO:0009025]	Panama:Gamboa	Dipteryx sp.	9.118611 N 79.703182 W																			greenhouse[ENVO:03600087]											seedling development stage[PO:0007131|sapling[BTO:0001597]|plantlet[BTO:0001084]													DNA-free PCR mix								soil[ENVO:00001998]			leaf[PO:0025034]|vascular leaf[PO:0009025]																											DYP11						
SAMN43802988	Successfully loaded	DYP12	DYP12	DYP12	PRJNA1162076	leaf metagenome	2019-06	tropical forest[ENVO:01001803]	tropical moist broadleaf forest biome[ENVO:01000228]	leaf[PO:0025034]|vascular leaf[PO:0009025]	Panama:Gamboa	Dipteryx sp.	9.118611 N 79.703182 W																			greenhouse[ENVO:03600087]											seedling development stage[PO:0007131|sapling[BTO:0001597]|plantlet[BTO:0001084]													DNA-free PCR mix								soil[ENVO:00001998]			leaf[PO:0025034]|vascular leaf[PO:0009025]																											DYP12						
SAMN43802989	Successfully loaded	DYP13	DYP13	DYP13	PRJNA1162076	leaf metagenome	2019-06	tropical forest[ENVO:01001803]	tropical moist broadleaf forest biome[ENVO:01000228]	leaf[PO:0025034]|vascular leaf[PO:0009025]	Panama:Gamboa	Dipteryx sp.	9.118611 N 79.703182 W																			greenhouse[ENVO:03600087]											seedling development stage[PO:0007131|sapling[BTO:0001597]|plantlet[BTO:0001084]													DNA-free PCR mix								soil[ENVO:00001998]			leaf[PO:0025034]|vascular leaf[PO:0009025]																											DYP13						
SAMN43802990	Successfully loaded	DYP14	DYP14	DYP14	PRJNA1162076	leaf metagenome	2019-06	tropical forest[ENVO:01001803]	tropical moist broadleaf forest biome[ENVO:01000228]	leaf[PO:0025034]|vascular leaf[PO:0009025]	Panama:Gamboa	Dipteryx sp.	9.118611 N 79.703182 W																			greenhouse[ENVO:03600087]											seedling development stage[PO:0007131|sapling[BTO:0001597]|plantlet[BTO:0001084]													DNA-free PCR mix								soil[ENVO:00001998]			leaf[PO:0025034]|vascular leaf[PO:0009025]																											DYP14						
SAMN43802991	Successfully loaded	DYP15	DYP15	DYP15	PRJNA1162076	leaf metagenome	2019-06	tropical forest[ENVO:01001803]	tropical moist broadleaf forest biome[ENVO:01000228]	leaf[PO:0025034]|vascular leaf[PO:0009025]	Panama:Gamboa	Dipteryx sp.	9.118611 N 79.703182 W																			greenhouse[ENVO:03600087]											seedling development stage[PO:0007131|sapling[BTO:0001597]|plantlet[BTO:0001084]													DNA-free PCR mix								soil[ENVO:00001998]			leaf[PO:0025034]|vascular leaf[PO:0009025]																											DYP15						
SAMN43802992	Successfully loaded	DYP16	DYP16	DYP16	PRJNA1162076	leaf metagenome	2019-06	tropical forest[ENVO:01001803]	tropical moist broadleaf forest biome[ENVO:01000228]	leaf[PO:0025034]|vascular leaf[PO:0009025]	Panama:Gamboa	Dipteryx sp.	9.118611 N 79.703182 W																			greenhouse[ENVO:03600087]											seedling development stage[PO:0007131|sapling[BTO:0001597]|plantlet[BTO:0001084]													DNA-free PCR mix								soil[ENVO:00001998]			leaf[PO:0025034]|vascular leaf[PO:0009025]																											DYP16						
SAMN43802993	Successfully loaded	DYP17	DYP17	DYP17	PRJNA1162076	leaf metagenome	2019-06	tropical forest[ENVO:01001803]	tropical moist broadleaf forest biome[ENVO:01000228]	leaf[PO:0025034]|vascular leaf[PO:0009025]	Panama:Gamboa	Dipteryx sp.	9.118611 N 79.703182 W																			greenhouse[ENVO:03600087]											seedling development stage[PO:0007131|sapling[BTO:0001597]|plantlet[BTO:0001084]													DNA-free PCR mix								soil[ENVO:00001998]			leaf[PO:0025034]|vascular leaf[PO:0009025]																											DYP17						
SAMN43802994	Successfully loaded	DYP18	DYP18	DYP18	PRJNA1162076	leaf metagenome	2019-06	tropical forest[ENVO:01001803]	tropical moist broadleaf forest biome[ENVO:01000228]	leaf[PO:0025034]|vascular leaf[PO:0009025]	Panama:Gamboa	Dipteryx sp.	9.118611 N 79.703182 W																			greenhouse[ENVO:03600087]											seedling development stage[PO:0007131|sapling[BTO:0001597]|plantlet[BTO:0001084]													DNA-free PCR mix								soil[ENVO:00001998]			leaf[PO:0025034]|vascular leaf[PO:0009025]																											DYP18						
SAMN43802995	Successfully loaded	DYP20	DYP20	DYP20	PRJNA1162076	leaf metagenome	2019-06	tropical forest[ENVO:01001803]	tropical moist broadleaf forest biome[ENVO:01000228]	leaf[PO:0025034]|vascular leaf[PO:0009025]	Panama:Gamboa	Dipteryx sp.	9.118611 N 79.703182 W																			greenhouse[ENVO:03600087]											seedling development stage[PO:0007131|sapling[BTO:0001597]|plantlet[BTO:0001084]													DNA-free PCR mix								soil[ENVO:00001998]			leaf[PO:0025034]|vascular leaf[PO:0009025]																											DYP20						
SAMN43802996	Successfully loaded	DYP21	DYP21	DYP21	PRJNA1162076	leaf metagenome	2019-06	tropical forest[ENVO:01001803]	tropical moist broadleaf forest biome[ENVO:01000228]	leaf[PO:0025034]|vascular leaf[PO:0009025]	Panama:Gamboa	Dipteryx sp.	9.118611 N 79.703182 W																			greenhouse[ENVO:03600087]											seedling development stage[PO:0007131|sapling[BTO:0001597]|plantlet[BTO:0001084]													DNA-free PCR mix								soil[ENVO:00001998]			leaf[PO:0025034]|vascular leaf[PO:0009025]																											DYP21						
SAMN43802997	Successfully loaded	DYP22	DYP22	DYP22	PRJNA1162076	leaf metagenome	2019-06	tropical forest[ENVO:01001803]	tropical moist broadleaf forest biome[ENVO:01000228]	leaf[PO:0025034]|vascular leaf[PO:0009025]	Panama:Gamboa	Dipteryx sp.	9.118611 N 79.703182 W																			greenhouse[ENVO:03600087]											seedling development stage[PO:0007131|sapling[BTO:0001597]|plantlet[BTO:0001084]													DNA-free PCR mix								soil[ENVO:00001998]			leaf[PO:0025034]|vascular leaf[PO:0009025]																											DYP22						
SAMN43802998	Successfully loaded	DYP23	DYP23	DYP23	PRJNA1162076	leaf metagenome	2019-06	tropical forest[ENVO:01001803]	tropical moist broadleaf forest biome[ENVO:01000228]	leaf[PO:0025034]|vascular leaf[PO:0009025]	Panama:Gamboa	Dipteryx sp.	9.118611 N 79.703182 W																			greenhouse[ENVO:03600087]											seedling development stage[PO:0007131|sapling[BTO:0001597]|plantlet[BTO:0001084]													DNA-free PCR mix								soil[ENVO:00001998]			leaf[PO:0025034]|vascular leaf[PO:0009025]																											DYP23						
SAMN43802999	Successfully loaded	DYP24	DYP24	DYP24	PRJNA1162076	leaf metagenome	2019-06	tropical forest[ENVO:01001803]	tropical moist broadleaf forest biome[ENVO:01000228]	leaf[PO:0025034]|vascular leaf[PO:0009025]	Panama:Gamboa	Dipteryx sp.	9.118611 N 79.703182 W																			greenhouse[ENVO:03600087]											seedling development stage[PO:0007131|sapling[BTO:0001597]|plantlet[BTO:0001084]													DNA-free PCR mix								soil[ENVO:00001998]			leaf[PO:0025034]|vascular leaf[PO:0009025]																											DYP24						
SAMN43803000	Successfully loaded	DYP25	DYP25	DYP25	PRJNA1162076	leaf metagenome	2019-06	tropical forest[ENVO:01001803]	tropical moist broadleaf forest biome[ENVO:01000228]	leaf[PO:0025034]|vascular leaf[PO:0009025]	Panama:Gamboa	Dipteryx sp.	9.118611 N 79.703182 W																			greenhouse[ENVO:03600087]											seedling development stage[PO:0007131|sapling[BTO:0001597]|plantlet[BTO:0001084]													DNA-free PCR mix								soil[ENVO:00001998]			leaf[PO:0025034]|vascular leaf[PO:0009025]																											DYP25						
SAMN43803001	Successfully loaded	DYP26	DYP26	DYP26	PRJNA1162076	leaf metagenome	2019-06	tropical forest[ENVO:01001803]	tropical moist broadleaf forest biome[ENVO:01000228]	leaf[PO:0025034]|vascular leaf[PO:0009025]	Panama:Gamboa	Dipteryx sp.	9.118611 N 79.703182 W																			greenhouse[ENVO:03600087]											seedling development stage[PO:0007131|sapling[BTO:0001597]|plantlet[BTO:0001084]													DNA-free PCR mix								soil[ENVO:00001998]			leaf[PO:0025034]|vascular leaf[PO:0009025]																											DYP26						
SAMN43803002	Successfully loaded	DYP27	DYP27	DYP27	PRJNA1162076	leaf metagenome	2019-06	tropical forest[ENVO:01001803]	tropical moist broadleaf forest biome[ENVO:01000228]	leaf[PO:0025034]|vascular leaf[PO:0009025]	Panama:Gamboa	Dipteryx sp.	9.118611 N 79.703182 W																			greenhouse[ENVO:03600087]											seedling development stage[PO:0007131|sapling[BTO:0001597]|plantlet[BTO:0001084]													DNA-free PCR mix								soil[ENVO:00001998]			leaf[PO:0025034]|vascular leaf[PO:0009025]																											DYP27						
SAMN43803003	Successfully loaded	DYP28	DYP28	DYP28	PRJNA1162076	leaf metagenome	2019-06	tropical forest[ENVO:01001803]	tropical moist broadleaf forest biome[ENVO:01000228]	leaf[PO:0025034]|vascular leaf[PO:0009025]	Panama:Gamboa	Dipteryx sp.	9.118611 N 79.703182 W																			greenhouse[ENVO:03600087]											seedling development stage[PO:0007131|sapling[BTO:0001597]|plantlet[BTO:0001084]													DNA-free PCR mix								soil[ENVO:00001998]			leaf[PO:0025034]|vascular leaf[PO:0009025]																											DYP28						
SAMN43803004	Successfully loaded	DYP29	DYP29	DYP29	PRJNA1162076	leaf metagenome	2019-06	tropical forest[ENVO:01001803]	tropical moist broadleaf forest biome[ENVO:01000228]	leaf[PO:0025034]|vascular leaf[PO:0009025]	Panama:Gamboa	Dipteryx sp.	9.118611 N 79.703182 W																			greenhouse[ENVO:03600087]											seedling development stage[PO:0007131|sapling[BTO:0001597]|plantlet[BTO:0001084]													DNA-free PCR mix								soil[ENVO:00001998]			leaf[PO:0025034]|vascular leaf[PO:0009025]																											DYP29						
SAMN43803005	Successfully loaded	DYP31	DYP31	DYP31	PRJNA1162076	leaf metagenome	2019-06	tropical forest[ENVO:01001803]	tropical moist broadleaf forest biome[ENVO:01000228]	leaf[PO:0025034]|vascular leaf[PO:0009025]	Panama:Gamboa	Dipteryx sp.	9.118611 N 79.703182 W																			greenhouse[ENVO:03600087]											seedling development stage[PO:0007131|sapling[BTO:0001597]|plantlet[BTO:0001084]													DNA-free PCR mix								soil[ENVO:00001998]			leaf[PO:0025034]|vascular leaf[PO:0009025]																											DYP31						
SAMN43803006	Successfully loaded	DYP32	DYP32	DYP32	PRJNA1162076	leaf metagenome	2019-06	tropical forest[ENVO:01001803]	tropical moist broadleaf forest biome[ENVO:01000228]	leaf[PO:0025034]|vascular leaf[PO:0009025]	Panama:Gamboa	Dipteryx sp.	9.118611 N 79.703182 W																			greenhouse[ENVO:03600087]											seedling development stage[PO:0007131|sapling[BTO:0001597]|plantlet[BTO:0001084]													DNA-free PCR mix								soil[ENVO:00001998]			leaf[PO:0025034]|vascular leaf[PO:0009025]																											DYP32						
SAMN43803007	Successfully loaded	DYP33	DYP33	DYP33	PRJNA1162076	leaf metagenome	2019-06	tropical forest[ENVO:01001803]	tropical moist broadleaf forest biome[ENVO:01000228]	leaf[PO:0025034]|vascular leaf[PO:0009025]	Panama:Gamboa	Dipteryx sp.	9.118611 N 79.703182 W																			greenhouse[ENVO:03600087]											seedling development stage[PO:0007131|sapling[BTO:0001597]|plantlet[BTO:0001084]													DNA-free PCR mix								soil[ENVO:00001998]			leaf[PO:0025034]|vascular leaf[PO:0009025]																											DYP33						
SAMN43803008	Successfully loaded	DYP34	DYP34	DYP34	PRJNA1162076	leaf metagenome	2019-06	tropical forest[ENVO:01001803]	tropical moist broadleaf forest biome[ENVO:01000228]	leaf[PO:0025034]|vascular leaf[PO:0009025]	Panama:Gamboa	Dipteryx sp.	9.118611 N 79.703182 W																			greenhouse[ENVO:03600087]											seedling development stage[PO:0007131|sapling[BTO:0001597]|plantlet[BTO:0001084]													DNA-free PCR mix								soil[ENVO:00001998]			leaf[PO:0025034]|vascular leaf[PO:0009025]																											DYP34						
SAMN43803009	Successfully loaded	HEI01	HEI01	HEI01	PRJNA1162076	leaf metagenome	2019-06	tropical forest[ENVO:01001803]	tropical moist broadleaf forest biome[ENVO:01000228]	leaf[PO:0025034]|vascular leaf[PO:0009025]	Panama:Gamboa	Heisteria concinna	9.118611 N 79.703182 W																			greenhouse[ENVO:03600087]											seedling development stage[PO:0007131|sapling[BTO:0001597]|plantlet[BTO:0001084]													DNA-free PCR mix								soil[ENVO:00001998]			leaf[PO:0025034]|vascular leaf[PO:0009025]																											HEI01						
SAMN43803010	Successfully loaded	HEI02	HEI02	HEI02	PRJNA1162076	leaf metagenome	2019-06	tropical forest[ENVO:01001803]	tropical moist broadleaf forest biome[ENVO:01000228]	leaf[PO:0025034]|vascular leaf[PO:0009025]	Panama:Gamboa	Heisteria concinna	9.118611 N 79.703182 W																			greenhouse[ENVO:03600087]											seedling development stage[PO:0007131|sapling[BTO:0001597]|plantlet[BTO:0001084]													DNA-free PCR mix								soil[ENVO:00001998]			leaf[PO:0025034]|vascular leaf[PO:0009025]																											HEI02						
SAMN43803011	Successfully loaded	HEI03	HEI03	HEI03	PRJNA1162076	leaf metagenome	2019-06	tropical forest[ENVO:01001803]	tropical moist broadleaf forest biome[ENVO:01000228]	leaf[PO:0025034]|vascular leaf[PO:0009025]	Panama:Gamboa	Heisteria concinna	9.118611 N 79.703182 W																			greenhouse[ENVO:03600087]											seedling development stage[PO:0007131|sapling[BTO:0001597]|plantlet[BTO:0001084]													DNA-free PCR mix								soil[ENVO:00001998]			leaf[PO:0025034]|vascular leaf[PO:0009025]																											HEI03						
SAMN43803012	Successfully loaded	HEI04	HEI04	HEI04	PRJNA1162076	leaf metagenome	2019-06	tropical forest[ENVO:01001803]	tropical moist broadleaf forest biome[ENVO:01000228]	leaf[PO:0025034]|vascular leaf[PO:0009025]	Panama:Gamboa	Heisteria concinna	9.118611 N 79.703182 W																			greenhouse[ENVO:03600087]											seedling development stage[PO:0007131|sapling[BTO:0001597]|plantlet[BTO:0001084]													DNA-free PCR mix								soil[ENVO:00001998]			leaf[PO:0025034]|vascular leaf[PO:0009025]																											HEI04						
SAMN43803013	Successfully loaded	HEI05	HEI05	HEI05	PRJNA1162076	leaf metagenome	2019-06	tropical forest[ENVO:01001803]	tropical moist broadleaf forest biome[ENVO:01000228]	leaf[PO:0025034]|vascular leaf[PO:0009025]	Panama:Gamboa	Heisteria concinna	9.118611 N 79.703182 W																			greenhouse[ENVO:03600087]											seedling development stage[PO:0007131|sapling[BTO:0001597]|plantlet[BTO:0001084]													DNA-free PCR mix								soil[ENVO:00001998]			leaf[PO:0025034]|vascular leaf[PO:0009025]																											HEI05						
SAMN43803014	Successfully loaded	HEI06	HEI06	HEI06	PRJNA1162076	leaf metagenome	2019-06	tropical forest[ENVO:01001803]	tropical moist broadleaf forest biome[ENVO:01000228]	leaf[PO:0025034]|vascular leaf[PO:0009025]	Panama:Gamboa	Heisteria concinna	9.118611 N 79.703182 W																			greenhouse[ENVO:03600087]											seedling development stage[PO:0007131|sapling[BTO:0001597]|plantlet[BTO:0001084]													DNA-free PCR mix								soil[ENVO:00001998]			leaf[PO:0025034]|vascular leaf[PO:0009025]																											HEI06						
SAMN43803015	Successfully loaded	HEI07	HEI07	HEI07	PRJNA1162076	leaf metagenome	2019-06	tropical forest[ENVO:01001803]	tropical moist broadleaf forest biome[ENVO:01000228]	leaf[PO:0025034]|vascular leaf[PO:0009025]	Panama:Gamboa	Heisteria concinna	9.118611 N 79.703182 W																			greenhouse[ENVO:03600087]											seedling development stage[PO:0007131|sapling[BTO:0001597]|plantlet[BTO:0001084]													DNA-free PCR mix								soil[ENVO:00001998]			leaf[PO:0025034]|vascular leaf[PO:0009025]																											HEI07						
SAMN43803016	Successfully loaded	HEI08	HEI08	HEI08	PRJNA1162076	leaf metagenome	2019-06	tropical forest[ENVO:01001803]	tropical moist broadleaf forest biome[ENVO:01000228]	leaf[PO:0025034]|vascular leaf[PO:0009025]	Panama:Gamboa	Heisteria concinna	9.118611 N 79.703182 W																			greenhouse[ENVO:03600087]											seedling development stage[PO:0007131|sapling[BTO:0001597]|plantlet[BTO:0001084]													DNA-free PCR mix								soil[ENVO:00001998]			leaf[PO:0025034]|vascular leaf[PO:0009025]																											HEI08						
SAMN43803017	Successfully loaded	HEI09	HEI09	HEI09	PRJNA1162076	leaf metagenome	2019-06	tropical forest[ENVO:01001803]	tropical moist broadleaf forest biome[ENVO:01000228]	leaf[PO:0025034]|vascular leaf[PO:0009025]	Panama:Gamboa	Heisteria concinna	9.118611 N 79.703182 W																			greenhouse[ENVO:03600087]											seedling development stage[PO:0007131|sapling[BTO:0001597]|plantlet[BTO:0001084]													DNA-free PCR mix								soil[ENVO:00001998]			leaf[PO:0025034]|vascular leaf[PO:0009025]																											HEI09						
SAMN43803018	Successfully loaded	HEI10	HEI10	HEI10	PRJNA1162076	leaf metagenome	2019-06	tropical forest[ENVO:01001803]	tropical moist broadleaf forest biome[ENVO:01000228]	leaf[PO:0025034]|vascular leaf[PO:0009025]	Panama:Gamboa	Heisteria concinna	9.118611 N 79.703182 W																			greenhouse[ENVO:03600087]											seedling development stage[PO:0007131|sapling[BTO:0001597]|plantlet[BTO:0001084]													DNA-free PCR mix								soil[ENVO:00001998]			leaf[PO:0025034]|vascular leaf[PO:0009025]																											HEI10						
SAMN43803019	Successfully loaded	HEI20	HEI20	HEI20	PRJNA1162076	leaf metagenome	2019-06	tropical forest[ENVO:01001803]	tropical moist broadleaf forest biome[ENVO:01000228]	leaf[PO:0025034]|vascular leaf[PO:0009025]	Panama:Gamboa	Heisteria concinna	9.118611 N 79.703182 W																			greenhouse[ENVO:03600087]											seedling development stage[PO:0007131|sapling[BTO:0001597]|plantlet[BTO:0001084]													DNA-free PCR mix								soil[ENVO:00001998]			leaf[PO:0025034]|vascular leaf[PO:0009025]																											HEI20						
SAMN43803020	Successfully loaded	HEI21	HEI21	HEI21	PRJNA1162076	leaf metagenome	2019-06	tropical forest[ENVO:01001803]	tropical moist broadleaf forest biome[ENVO:01000228]	leaf[PO:0025034]|vascular leaf[PO:0009025]	Panama:Gamboa	Heisteria concinna	9.118611 N 79.703182 W																			greenhouse[ENVO:03600087]											seedling development stage[PO:0007131|sapling[BTO:0001597]|plantlet[BTO:0001084]													DNA-free PCR mix								soil[ENVO:00001998]			leaf[PO:0025034]|vascular leaf[PO:0009025]																											HEI21						
SAMN43803021	Successfully loaded	HEI22	HEI22	HEI22	PRJNA1162076	leaf metagenome	2019-06	tropical forest[ENVO:01001803]	tropical moist broadleaf forest biome[ENVO:01000228]	leaf[PO:0025034]|vascular leaf[PO:0009025]	Panama:Gamboa	Heisteria concinna	9.118611 N 79.703182 W																			greenhouse[ENVO:03600087]											seedling development stage[PO:0007131|sapling[BTO:0001597]|plantlet[BTO:0001084]													DNA-free PCR mix								soil[ENVO:00001998]			leaf[PO:0025034]|vascular leaf[PO:0009025]																											HEI22						
SAMN43803022	Successfully loaded	HEI23	HEI23	HEI23	PRJNA1162076	leaf metagenome	2019-06	tropical forest[ENVO:01001803]	tropical moist broadleaf forest biome[ENVO:01000228]	leaf[PO:0025034]|vascular leaf[PO:0009025]	Panama:Gamboa	Heisteria concinna	9.118611 N 79.703182 W																			greenhouse[ENVO:03600087]											seedling development stage[PO:0007131|sapling[BTO:0001597]|plantlet[BTO:0001084]													DNA-free PCR mix								soil[ENVO:00001998]			leaf[PO:0025034]|vascular leaf[PO:0009025]																											HEI23						
SAMN43803023	Successfully loaded	HEI24	HEI24	HEI24	PRJNA1162076	leaf metagenome	2019-06	tropical forest[ENVO:01001803]	tropical moist broadleaf forest biome[ENVO:01000228]	leaf[PO:0025034]|vascular leaf[PO:0009025]	Panama:Gamboa	Heisteria concinna	9.118611 N 79.703182 W																			greenhouse[ENVO:03600087]											seedling development stage[PO:0007131|sapling[BTO:0001597]|plantlet[BTO:0001084]													DNA-free PCR mix								soil[ENVO:00001998]			leaf[PO:0025034]|vascular leaf[PO:0009025]																											HEI24						
SAMN43803024	Successfully loaded	HEI25	HEI25	HEI25	PRJNA1162076	leaf metagenome	2019-06	tropical forest[ENVO:01001803]	tropical moist broadleaf forest biome[ENVO:01000228]	leaf[PO:0025034]|vascular leaf[PO:0009025]	Panama:Gamboa	Heisteria concinna	9.118611 N 79.703182 W																			greenhouse[ENVO:03600087]											seedling development stage[PO:0007131|sapling[BTO:0001597]|plantlet[BTO:0001084]													DNA-free PCR mix								soil[ENVO:00001998]			leaf[PO:0025034]|vascular leaf[PO:0009025]																											HEI25						
SAMN43803025	Successfully loaded	HEI26	HEI26	HEI26	PRJNA1162076	leaf metagenome	2019-06	tropical forest[ENVO:01001803]	tropical moist broadleaf forest biome[ENVO:01000228]	leaf[PO:0025034]|vascular leaf[PO:0009025]	Panama:Gamboa	Heisteria concinna	9.118611 N 79.703182 W																			greenhouse[ENVO:03600087]											seedling development stage[PO:0007131|sapling[BTO:0001597]|plantlet[BTO:0001084]													DNA-free PCR mix								soil[ENVO:00001998]			leaf[PO:0025034]|vascular leaf[PO:0009025]																											HEI26						
SAMN43803026	Successfully loaded	HEI27	HEI27	HEI27	PRJNA1162076	leaf metagenome	2019-06	tropical forest[ENVO:01001803]	tropical moist broadleaf forest biome[ENVO:01000228]	leaf[PO:0025034]|vascular leaf[PO:0009025]	Panama:Gamboa	Heisteria concinna	9.118611 N 79.703182 W																			greenhouse[ENVO:03600087]											seedling development stage[PO:0007131|sapling[BTO:0001597]|plantlet[BTO:0001084]													DNA-free PCR mix								soil[ENVO:00001998]			leaf[PO:0025034]|vascular leaf[PO:0009025]																											HEI27						
SAMN43803027	Successfully loaded	HEI28	HEI28	HEI28	PRJNA1162076	leaf metagenome	2019-06	tropical forest[ENVO:01001803]	tropical moist broadleaf forest biome[ENVO:01000228]	leaf[PO:0025034]|vascular leaf[PO:0009025]	Panama:Gamboa	Heisteria concinna	9.118611 N 79.703182 W																			greenhouse[ENVO:03600087]											seedling development stage[PO:0007131|sapling[BTO:0001597]|plantlet[BTO:0001084]													DNA-free PCR mix								soil[ENVO:00001998]			leaf[PO:0025034]|vascular leaf[PO:0009025]																											HEI28						
SAMN43803028	Successfully loaded	HEI29	HEI29	HEI29	PRJNA1162076	leaf metagenome	2019-06	tropical forest[ENVO:01001803]	tropical moist broadleaf forest biome[ENVO:01000228]	leaf[PO:0025034]|vascular leaf[PO:0009025]	Panama:Gamboa	Heisteria concinna	9.118611 N 79.703182 W																			greenhouse[ENVO:03600087]											seedling development stage[PO:0007131|sapling[BTO:0001597]|plantlet[BTO:0001084]													DNA-free PCR mix								soil[ENVO:00001998]			leaf[PO:0025034]|vascular leaf[PO:0009025]																											HEI29						
SAMN43803029	Successfully loaded	LAC01	LAC01	LAC01	PRJNA1162076	leaf metagenome	2019-06	tropical forest[ENVO:01001803]	tropical moist broadleaf forest biome[ENVO:01000228]	leaf[PO:0025034]|vascular leaf[PO:0009025]	Panama:Gamboa	Lacmellea panamensis	9.118611 N 79.703182 W																			greenhouse[ENVO:03600087]											seedling development stage[PO:0007131|sapling[BTO:0001597]|plantlet[BTO:0001084]													DNA-free PCR mix								soil[ENVO:00001998]			leaf[PO:0025034]|vascular leaf[PO:0009025]																											LAC01						
SAMN43803030	Successfully loaded	LAC02	LAC02	LAC02	PRJNA1162076	leaf metagenome	2019-06	tropical forest[ENVO:01001803]	tropical moist broadleaf forest biome[ENVO:01000228]	leaf[PO:0025034]|vascular leaf[PO:0009025]	Panama:Gamboa	Lacmellea panamensis	9.118611 N 79.703182 W																			greenhouse[ENVO:03600087]											seedling development stage[PO:0007131|sapling[BTO:0001597]|plantlet[BTO:0001084]													DNA-free PCR mix								soil[ENVO:00001998]			leaf[PO:0025034]|vascular leaf[PO:0009025]																											LAC02						
SAMN43803031	Successfully loaded	LAC03	LAC03	LAC03	PRJNA1162076	leaf metagenome	2019-06	tropical forest[ENVO:01001803]	tropical moist broadleaf forest biome[ENVO:01000228]	leaf[PO:0025034]|vascular leaf[PO:0009025]	Panama:Gamboa	Lacmellea panamensis	9.118611 N 79.703182 W																			greenhouse[ENVO:03600087]											seedling development stage[PO:0007131|sapling[BTO:0001597]|plantlet[BTO:0001084]													DNA-free PCR mix								soil[ENVO:00001998]			leaf[PO:0025034]|vascular leaf[PO:0009025]																											LAC03						
SAMN43803032	Successfully loaded	LAC04	LAC04	LAC04	PRJNA1162076	leaf metagenome	2019-06	tropical forest[ENVO:01001803]	tropical moist broadleaf forest biome[ENVO:01000228]	leaf[PO:0025034]|vascular leaf[PO:0009025]	Panama:Gamboa	Lacmellea panamensis	9.118611 N 79.703182 W																			greenhouse[ENVO:03600087]											seedling development stage[PO:0007131|sapling[BTO:0001597]|plantlet[BTO:0001084]													DNA-free PCR mix								soil[ENVO:00001998]			leaf[PO:0025034]|vascular leaf[PO:0009025]																											LAC04						
SAMN43803033	Successfully loaded	LAC05	LAC05	LAC05	PRJNA1162076	leaf metagenome	2019-06	tropical forest[ENVO:01001803]	tropical moist broadleaf forest biome[ENVO:01000228]	leaf[PO:0025034]|vascular leaf[PO:0009025]	Panama:Gamboa	Lacmellea panamensis	9.118611 N 79.703182 W																			greenhouse[ENVO:03600087]											seedling development stage[PO:0007131|sapling[BTO:0001597]|plantlet[BTO:0001084]													DNA-free PCR mix								soil[ENVO:00001998]			leaf[PO:0025034]|vascular leaf[PO:0009025]																											LAC05						
SAMN43803034	Successfully loaded	LAC06	LAC06	LAC06	PRJNA1162076	leaf metagenome	2019-06	tropical forest[ENVO:01001803]	tropical moist broadleaf forest biome[ENVO:01000228]	leaf[PO:0025034]|vascular leaf[PO:0009025]	Panama:Gamboa	Lacmellea panamensis	9.118611 N 79.703182 W																			greenhouse[ENVO:03600087]											seedling development stage[PO:0007131|sapling[BTO:0001597]|plantlet[BTO:0001084]													DNA-free PCR mix								soil[ENVO:00001998]			leaf[PO:0025034]|vascular leaf[PO:0009025]																											LAC06						
SAMN43803035	Successfully loaded	LAC07	LAC07	LAC07	PRJNA1162076	leaf metagenome	2019-06	tropical forest[ENVO:01001803]	tropical moist broadleaf forest biome[ENVO:01000228]	leaf[PO:0025034]|vascular leaf[PO:0009025]	Panama:Gamboa	Lacmellea panamensis	9.118611 N 79.703182 W																			greenhouse[ENVO:03600087]											seedling development stage[PO:0007131|sapling[BTO:0001597]|plantlet[BTO:0001084]													DNA-free PCR mix								soil[ENVO:00001998]			leaf[PO:0025034]|vascular leaf[PO:0009025]																											LAC07						
SAMN43803036	Successfully loaded	LAC08	LAC08	LAC08	PRJNA1162076	leaf metagenome	2019-06	tropical forest[ENVO:01001803]	tropical moist broadleaf forest biome[ENVO:01000228]	leaf[PO:0025034]|vascular leaf[PO:0009025]	Panama:Gamboa	Lacmellea panamensis	9.118611 N 79.703182 W																			greenhouse[ENVO:03600087]											seedling development stage[PO:0007131|sapling[BTO:0001597]|plantlet[BTO:0001084]													DNA-free PCR mix								soil[ENVO:00001998]			leaf[PO:0025034]|vascular leaf[PO:0009025]																											LAC08						
SAMN43803037	Successfully loaded	LAC09	LAC09	LAC09	PRJNA1162076	leaf metagenome	2019-06	tropical forest[ENVO:01001803]	tropical moist broadleaf forest biome[ENVO:01000228]	leaf[PO:0025034]|vascular leaf[PO:0009025]	Panama:Gamboa	Lacmellea panamensis	9.118611 N 79.703182 W																			greenhouse[ENVO:03600087]											seedling development stage[PO:0007131|sapling[BTO:0001597]|plantlet[BTO:0001084]													DNA-free PCR mix								soil[ENVO:00001998]			leaf[PO:0025034]|vascular leaf[PO:0009025]																											LAC09						
SAMN43803038	Successfully loaded	LAC10	LAC10	LAC10	PRJNA1162076	leaf metagenome	2019-06	tropical forest[ENVO:01001803]	tropical moist broadleaf forest biome[ENVO:01000228]	leaf[PO:0025034]|vascular leaf[PO:0009025]	Panama:Gamboa	Lacmellea panamensis	9.118611 N 79.703182 W																			greenhouse[ENVO:03600087]											seedling development stage[PO:0007131|sapling[BTO:0001597]|plantlet[BTO:0001084]													DNA-free PCR mix								soil[ENVO:00001998]			leaf[PO:0025034]|vascular leaf[PO:0009025]																											LAC10						
SAMN43803039	Successfully loaded	LAC11	LAC11	LAC11	PRJNA1162076	leaf metagenome	2019-06	tropical forest[ENVO:01001803]	tropical moist broadleaf forest biome[ENVO:01000228]	leaf[PO:0025034]|vascular leaf[PO:0009025]	Panama:Gamboa	Lacmellea panamensis	9.118611 N 79.703182 W																			greenhouse[ENVO:03600087]											seedling development stage[PO:0007131|sapling[BTO:0001597]|plantlet[BTO:0001084]													DNA-free PCR mix								soil[ENVO:00001998]			leaf[PO:0025034]|vascular leaf[PO:0009025]																											LAC11						
SAMN43803040	Successfully loaded	LAC12	LAC12	LAC12	PRJNA1162076	leaf metagenome	2019-06	tropical forest[ENVO:01001803]	tropical moist broadleaf forest biome[ENVO:01000228]	leaf[PO:0025034]|vascular leaf[PO:0009025]	Panama:Gamboa	Lacmellea panamensis	9.118611 N 79.703182 W																			greenhouse[ENVO:03600087]											seedling development stage[PO:0007131|sapling[BTO:0001597]|plantlet[BTO:0001084]													DNA-free PCR mix								soil[ENVO:00001998]			leaf[PO:0025034]|vascular leaf[PO:0009025]																											LAC12						
SAMN43803041	Successfully loaded	LAC20	LAC20	LAC20	PRJNA1162076	leaf metagenome	2019-06	tropical forest[ENVO:01001803]	tropical moist broadleaf forest biome[ENVO:01000228]	leaf[PO:0025034]|vascular leaf[PO:0009025]	Panama:Gamboa	Lacmellea panamensis	9.118611 N 79.703182 W																			greenhouse[ENVO:03600087]											seedling development stage[PO:0007131|sapling[BTO:0001597]|plantlet[BTO:0001084]													DNA-free PCR mix								soil[ENVO:00001998]			leaf[PO:0025034]|vascular leaf[PO:0009025]																											LAC20						
SAMN43803042	Successfully loaded	LAC21	LAC21	LAC21	PRJNA1162076	leaf metagenome	2019-06	tropical forest[ENVO:01001803]	tropical moist broadleaf forest biome[ENVO:01000228]	leaf[PO:0025034]|vascular leaf[PO:0009025]	Panama:Gamboa	Lacmellea panamensis	9.118611 N 79.703182 W																			greenhouse[ENVO:03600087]											seedling development stage[PO:0007131|sapling[BTO:0001597]|plantlet[BTO:0001084]													DNA-free PCR mix								soil[ENVO:00001998]			leaf[PO:0025034]|vascular leaf[PO:0009025]																											LAC21						
SAMN43803043	Successfully loaded	LAC22	LAC22	LAC22	PRJNA1162076	leaf metagenome	2019-06	tropical forest[ENVO:01001803]	tropical moist broadleaf forest biome[ENVO:01000228]	leaf[PO:0025034]|vascular leaf[PO:0009025]	Panama:Gamboa	Lacmellea panamensis	9.118611 N 79.703182 W																			greenhouse[ENVO:03600087]											seedling development stage[PO:0007131|sapling[BTO:0001597]|plantlet[BTO:0001084]													DNA-free PCR mix								soil[ENVO:00001998]			leaf[PO:0025034]|vascular leaf[PO:0009025]																											LAC22						
SAMN43803044	Successfully loaded	LAC23	LAC23	LAC23	PRJNA1162076	leaf metagenome	2019-06	tropical forest[ENVO:01001803]	tropical moist broadleaf forest biome[ENVO:01000228]	leaf[PO:0025034]|vascular leaf[PO:0009025]	Panama:Gamboa	Lacmellea panamensis	9.118611 N 79.703182 W																			greenhouse[ENVO:03600087]											seedling development stage[PO:0007131|sapling[BTO:0001597]|plantlet[BTO:0001084]													DNA-free PCR mix								soil[ENVO:00001998]			leaf[PO:0025034]|vascular leaf[PO:0009025]																											LAC23						
SAMN43803045	Successfully loaded	LAC24	LAC24	LAC24	PRJNA1162076	leaf metagenome	2019-06	tropical forest[ENVO:01001803]	tropical moist broadleaf forest biome[ENVO:01000228]	leaf[PO:0025034]|vascular leaf[PO:0009025]	Panama:Gamboa	Lacmellea panamensis	9.118611 N 79.703182 W																			greenhouse[ENVO:03600087]											seedling development stage[PO:0007131|sapling[BTO:0001597]|plantlet[BTO:0001084]													DNA-free PCR mix								soil[ENVO:00001998]			leaf[PO:0025034]|vascular leaf[PO:0009025]																											LAC24						
SAMN43803046	Successfully loaded	LAC25	LAC25	LAC25	PRJNA1162076	leaf metagenome	2019-06	tropical forest[ENVO:01001803]	tropical moist broadleaf forest biome[ENVO:01000228]	leaf[PO:0025034]|vascular leaf[PO:0009025]	Panama:Gamboa	Lacmellea panamensis	9.118611 N 79.703182 W																			greenhouse[ENVO:03600087]											seedling development stage[PO:0007131|sapling[BTO:0001597]|plantlet[BTO:0001084]													DNA-free PCR mix								soil[ENVO:00001998]			leaf[PO:0025034]|vascular leaf[PO:0009025]																											LAC25						
SAMN43803047	Successfully loaded	LAC26	LAC26	LAC26	PRJNA1162076	leaf metagenome	2019-06	tropical forest[ENVO:01001803]	tropical moist broadleaf forest biome[ENVO:01000228]	leaf[PO:0025034]|vascular leaf[PO:0009025]	Panama:Gamboa	Lacmellea panamensis	9.118611 N 79.703182 W																			greenhouse[ENVO:03600087]											seedling development stage[PO:0007131|sapling[BTO:0001597]|plantlet[BTO:0001084]													DNA-free PCR mix								soil[ENVO:00001998]			leaf[PO:0025034]|vascular leaf[PO:0009025]																											LAC26						
SAMN43803048	Successfully loaded	LAC27	LAC27	LAC27	PRJNA1162076	leaf metagenome	2019-06	tropical forest[ENVO:01001803]	tropical moist broadleaf forest biome[ENVO:01000228]	leaf[PO:0025034]|vascular leaf[PO:0009025]	Panama:Gamboa	Lacmellea panamensis	9.118611 N 79.703182 W																			greenhouse[ENVO:03600087]											seedling development stage[PO:0007131|sapling[BTO:0001597]|plantlet[BTO:0001084]													DNA-free PCR mix								soil[ENVO:00001998]			leaf[PO:0025034]|vascular leaf[PO:0009025]																											LAC27						
SAMN43803049	Successfully loaded	LAC28	LAC28	LAC28	PRJNA1162076	leaf metagenome	2019-06	tropical forest[ENVO:01001803]	tropical moist broadleaf forest biome[ENVO:01000228]	leaf[PO:0025034]|vascular leaf[PO:0009025]	Panama:Gamboa	Lacmellea panamensis	9.118611 N 79.703182 W																			greenhouse[ENVO:03600087]											seedling development stage[PO:0007131|sapling[BTO:0001597]|plantlet[BTO:0001084]													DNA-free PCR mix								soil[ENVO:00001998]			leaf[PO:0025034]|vascular leaf[PO:0009025]																											LAC28						
SAMN43803050	Successfully loaded	LAC29	LAC29	LAC29	PRJNA1162076	leaf metagenome	2019-06	tropical forest[ENVO:01001803]	tropical moist broadleaf forest biome[ENVO:01000228]	leaf[PO:0025034]|vascular leaf[PO:0009025]	Panama:Gamboa	Lacmellea panamensis	9.118611 N 79.703182 W																			greenhouse[ENVO:03600087]											seedling development stage[PO:0007131|sapling[BTO:0001597]|plantlet[BTO:0001084]													DNA-free PCR mix								soil[ENVO:00001998]			leaf[PO:0025034]|vascular leaf[PO:0009025]																											LAC29						
SAMN43803051	Successfully loaded	THEO01	THEO01	THEO01	PRJNA1162076	leaf metagenome	2019-06	tropical forest[ENVO:01001803]	tropical moist broadleaf forest biome[ENVO:01000228]	leaf[PO:0025034]|vascular leaf[PO:0009025]	Panama:Gamboa	Theobroma cacao	9.118611 N 79.703182 W																			greenhouse[ENVO:03600087]											seedling development stage[PO:0007131|sapling[BTO:0001597]|plantlet[BTO:0001084]													DNA-free PCR mix								soil[ENVO:00001998]			leaf[PO:0025034]|vascular leaf[PO:0009025]																											THEO01						
SAMN43803052	Successfully loaded	THEO02	THEO02	THEO02	PRJNA1162076	leaf metagenome	2019-06	tropical forest[ENVO:01001803]	tropical moist broadleaf forest biome[ENVO:01000228]	leaf[PO:0025034]|vascular leaf[PO:0009025]	Panama:Gamboa	Theobroma cacao	9.118611 N 79.703182 W																			greenhouse[ENVO:03600087]											seedling development stage[PO:0007131|sapling[BTO:0001597]|plantlet[BTO:0001084]													DNA-free PCR mix								soil[ENVO:00001998]			leaf[PO:0025034]|vascular leaf[PO:0009025]																											THEO02						
SAMN43803053	Successfully loaded	THEO03	THEO03	THEO03	PRJNA1162076	leaf metagenome	2019-06	tropical forest[ENVO:01001803]	tropical moist broadleaf forest biome[ENVO:01000228]	leaf[PO:0025034]|vascular leaf[PO:0009025]	Panama:Gamboa	Theobroma cacao	9.118611 N 79.703182 W																			greenhouse[ENVO:03600087]											seedling development stage[PO:0007131|sapling[BTO:0001597]|plantlet[BTO:0001084]													DNA-free PCR mix								soil[ENVO:00001998]			leaf[PO:0025034]|vascular leaf[PO:0009025]																											THEO03						
SAMN43803054	Successfully loaded	THEO04	THEO04	THEO04	PRJNA1162076	leaf metagenome	2019-06	tropical forest[ENVO:01001803]	tropical moist broadleaf forest biome[ENVO:01000228]	leaf[PO:0025034]|vascular leaf[PO:0009025]	Panama:Gamboa	Theobroma cacao	9.118611 N 79.703182 W																			greenhouse[ENVO:03600087]											seedling development stage[PO:0007131|sapling[BTO:0001597]|plantlet[BTO:0001084]													DNA-free PCR mix								soil[ENVO:00001998]			leaf[PO:0025034]|vascular leaf[PO:0009025]																											THEO04						
SAMN43803055	Successfully loaded	THEO05	THEO05	THEO05	PRJNA1162076	leaf metagenome	2019-06	tropical forest[ENVO:01001803]	tropical moist broadleaf forest biome[ENVO:01000228]	leaf[PO:0025034]|vascular leaf[PO:0009025]	Panama:Gamboa	Theobroma cacao	9.118611 N 79.703182 W																			greenhouse[ENVO:03600087]											seedling development stage[PO:0007131|sapling[BTO:0001597]|plantlet[BTO:0001084]													DNA-free PCR mix								soil[ENVO:00001998]			leaf[PO:0025034]|vascular leaf[PO:0009025]																											THEO05						
SAMN43803056	Successfully loaded	THEO06	THEO06	THEO06	PRJNA1162076	leaf metagenome	2019-06	tropical forest[ENVO:01001803]	tropical moist broadleaf forest biome[ENVO:01000228]	leaf[PO:0025034]|vascular leaf[PO:0009025]	Panama:Gamboa	Theobroma cacao	9.118611 N 79.703182 W																			greenhouse[ENVO:03600087]											seedling development stage[PO:0007131|sapling[BTO:0001597]|plantlet[BTO:0001084]													DNA-free PCR mix								soil[ENVO:00001998]			leaf[PO:0025034]|vascular leaf[PO:0009025]																											THEO06						
SAMN43803057	Successfully loaded	THEO07	THEO07	THEO07	PRJNA1162076	leaf metagenome	2019-06	tropical forest[ENVO:01001803]	tropical moist broadleaf forest biome[ENVO:01000228]	leaf[PO:0025034]|vascular leaf[PO:0009025]	Panama:Gamboa	Theobroma cacao	9.118611 N 79.703182 W																			greenhouse[ENVO:03600087]											seedling development stage[PO:0007131|sapling[BTO:0001597]|plantlet[BTO:0001084]													DNA-free PCR mix								soil[ENVO:00001998]			leaf[PO:0025034]|vascular leaf[PO:0009025]																											THEO07						
SAMN43803058	Successfully loaded	THEO08	THEO08	THEO08	PRJNA1162076	leaf metagenome	2019-06	tropical forest[ENVO:01001803]	tropical moist broadleaf forest biome[ENVO:01000228]	leaf[PO:0025034]|vascular leaf[PO:0009025]	Panama:Gamboa	Theobroma cacao	9.118611 N 79.703182 W																			greenhouse[ENVO:03600087]											seedling development stage[PO:0007131|sapling[BTO:0001597]|plantlet[BTO:0001084]													DNA-free PCR mix								soil[ENVO:00001998]			leaf[PO:0025034]|vascular leaf[PO:0009025]																											THEO08						
SAMN43803059	Successfully loaded	THEO09	THEO09	THEO09	PRJNA1162076	leaf metagenome	2019-06	tropical forest[ENVO:01001803]	tropical moist broadleaf forest biome[ENVO:01000228]	leaf[PO:0025034]|vascular leaf[PO:0009025]	Panama:Gamboa	Theobroma cacao	9.118611 N 79.703182 W																			greenhouse[ENVO:03600087]											seedling development stage[PO:0007131|sapling[BTO:0001597]|plantlet[BTO:0001084]													DNA-free PCR mix								soil[ENVO:00001998]			leaf[PO:0025034]|vascular leaf[PO:0009025]																											THEO09						
SAMN43803060	Successfully loaded	THEO10	THEO10	THEO10	PRJNA1162076	leaf metagenome	2019-06	tropical forest[ENVO:01001803]	tropical moist broadleaf forest biome[ENVO:01000228]	leaf[PO:0025034]|vascular leaf[PO:0009025]	Panama:Gamboa	Theobroma cacao	9.118611 N 79.703182 W																			greenhouse[ENVO:03600087]											seedling development stage[PO:0007131|sapling[BTO:0001597]|plantlet[BTO:0001084]													DNA-free PCR mix								soil[ENVO:00001998]			leaf[PO:0025034]|vascular leaf[PO:0009025]																											THEO10						
SAMN43803061	Successfully loaded	THEO20	THEO20	THEO20	PRJNA1162076	leaf metagenome	2019-06	tropical forest[ENVO:01001803]	tropical moist broadleaf forest biome[ENVO:01000228]	leaf[PO:0025034]|vascular leaf[PO:0009025]	Panama:Gamboa	Theobroma cacao	9.118611 N 79.703182 W																			greenhouse[ENVO:03600087]											seedling development stage[PO:0007131|sapling[BTO:0001597]|plantlet[BTO:0001084]													DNA-free PCR mix								soil[ENVO:00001998]			leaf[PO:0025034]|vascular leaf[PO:0009025]																											THEO20						
SAMN43803062	Successfully loaded	THEO21	THEO21	THEO21	PRJNA1162076	leaf metagenome	2019-06	tropical forest[ENVO:01001803]	tropical moist broadleaf forest biome[ENVO:01000228]	leaf[PO:0025034]|vascular leaf[PO:0009025]	Panama:Gamboa	Theobroma cacao	9.118611 N 79.703182 W																			greenhouse[ENVO:03600087]											seedling development stage[PO:0007131|sapling[BTO:0001597]|plantlet[BTO:0001084]													DNA-free PCR mix								soil[ENVO:00001998]			leaf[PO:0025034]|vascular leaf[PO:0009025]																											THEO21						
SAMN43803063	Successfully loaded	THEO22	THEO22	THEO22	PRJNA1162076	leaf metagenome	2019-06	tropical forest[ENVO:01001803]	tropical moist broadleaf forest biome[ENVO:01000228]	leaf[PO:0025034]|vascular leaf[PO:0009025]	Panama:Gamboa	Theobroma cacao	9.118611 N 79.703182 W																			greenhouse[ENVO:03600087]											seedling development stage[PO:0007131|sapling[BTO:0001597]|plantlet[BTO:0001084]													DNA-free PCR mix								soil[ENVO:00001998]			leaf[PO:0025034]|vascular leaf[PO:0009025]																											THEO22						
SAMN43803064	Successfully loaded	THEO23	THEO23	THEO23	PRJNA1162076	leaf metagenome	2019-06	tropical forest[ENVO:01001803]	tropical moist broadleaf forest biome[ENVO:01000228]	leaf[PO:0025034]|vascular leaf[PO:0009025]	Panama:Gamboa	Theobroma cacao	9.118611 N 79.703182 W																			greenhouse[ENVO:03600087]											seedling development stage[PO:0007131|sapling[BTO:0001597]|plantlet[BTO:0001084]													DNA-free PCR mix								soil[ENVO:00001998]			leaf[PO:0025034]|vascular leaf[PO:0009025]																											THEO23						
SAMN43803065	Successfully loaded	THEO24	THEO24	THEO24	PRJNA1162076	leaf metagenome	2019-06	tropical forest[ENVO:01001803]	tropical moist broadleaf forest biome[ENVO:01000228]	leaf[PO:0025034]|vascular leaf[PO:0009025]	Panama:Gamboa	Theobroma cacao	9.118611 N 79.703182 W																			greenhouse[ENVO:03600087]											seedling development stage[PO:0007131|sapling[BTO:0001597]|plantlet[BTO:0001084]													DNA-free PCR mix								soil[ENVO:00001998]			leaf[PO:0025034]|vascular leaf[PO:0009025]																											THEO24						
SAMN43803066	Successfully loaded	THEO25	THEO25	THEO25	PRJNA1162076	leaf metagenome	2019-06	tropical forest[ENVO:01001803]	tropical moist broadleaf forest biome[ENVO:01000228]	leaf[PO:0025034]|vascular leaf[PO:0009025]	Panama:Gamboa	Theobroma cacao	9.118611 N 79.703182 W																			greenhouse[ENVO:03600087]											seedling development stage[PO:0007131|sapling[BTO:0001597]|plantlet[BTO:0001084]													DNA-free PCR mix								soil[ENVO:00001998]			leaf[PO:0025034]|vascular leaf[PO:0009025]																											THEO25						
SAMN43803067	Successfully loaded	THEO26	THEO26	THEO26	PRJNA1162076	leaf metagenome	2019-06	tropical forest[ENVO:01001803]	tropical moist broadleaf forest biome[ENVO:01000228]	leaf[PO:0025034]|vascular leaf[PO:0009025]	Panama:Gamboa	Theobroma cacao	9.118611 N 79.703182 W																			greenhouse[ENVO:03600087]											seedling development stage[PO:0007131|sapling[BTO:0001597]|plantlet[BTO:0001084]													DNA-free PCR mix								soil[ENVO:00001998]			leaf[PO:0025034]|vascular leaf[PO:0009025]																											THEO26						
SAMN43803068	Successfully loaded	THEO27	THEO27	THEO27	PRJNA1162076	leaf metagenome	2019-06	tropical forest[ENVO:01001803]	tropical moist broadleaf forest biome[ENVO:01000228]	leaf[PO:0025034]|vascular leaf[PO:0009025]	Panama:Gamboa	Theobroma cacao	9.118611 N 79.703182 W																			greenhouse[ENVO:03600087]											seedling development stage[PO:0007131|sapling[BTO:0001597]|plantlet[BTO:0001084]													DNA-free PCR mix								soil[ENVO:00001998]			leaf[PO:0025034]|vascular leaf[PO:0009025]																											THEO27						
SAMN43803069	Successfully loaded	THEO28	THEO28	THEO28	PRJNA1162076	leaf metagenome	2019-06	tropical forest[ENVO:01001803]	tropical moist broadleaf forest biome[ENVO:01000228]	leaf[PO:0025034]|vascular leaf[PO:0009025]	Panama:Gamboa	Theobroma cacao	9.118611 N 79.703182 W																			greenhouse[ENVO:03600087]											seedling development stage[PO:0007131|sapling[BTO:0001597]|plantlet[BTO:0001084]													DNA-free PCR mix								soil[ENVO:00001998]			leaf[PO:0025034]|vascular leaf[PO:0009025]																											THEO28						
SAMN43803070	Successfully loaded	THEO29	THEO29	THEO29	PRJNA1162076	leaf metagenome	2019-06	tropical forest[ENVO:01001803]	tropical moist broadleaf forest biome[ENVO:01000228]	leaf[PO:0025034]|vascular leaf[PO:0009025]	Panama:Gamboa	Theobroma cacao	9.118611 N 79.703182 W																			greenhouse[ENVO:03600087]											seedling development stage[PO:0007131|sapling[BTO:0001597]|plantlet[BTO:0001084]													DNA-free PCR mix								soil[ENVO:00001998]			leaf[PO:0025034]|vascular leaf[PO:0009025]																											THEO29						
